id,date,year,country,speaker_name,speaker_role,speaker_type,speaker_bloc,speaker_country,party_or_affiliation,channel,event_context,minerals,hs6_links,themes,counterparts_mentioned,stance_china,stance_us,related_entities,summary_en,quote_original,quote_en,language,source_name,source_url,source_type,verification,notes,research_batch
PS-0001,2019-03,2019,PER,Paola Bustamante,Minister of Development and Social Inclusion of Peru,minister_cabinet,LatAm executive,PER,,press_conference,Fuerabamba blockade of Las Bambas mining road; failed ministerial negotiation visit,copper,260300;740200;740311,labor_social_conflict;indigenous_community_rights,CHN,not_mentioned,not_mentioned,Las Bambas; MMG; China Minmetals,"After protesters threw rocks at a government helicopter carrying a three-minister delegation to negotiate an end to a 51-day Fuerabamba community blockade of the Las Bambas copper mine road, Bustamante said the government would maintain its willingness to dialogue.",We went with a disposition for dialogue and that's why we're going to continue with that disposition and see how things shape up tomorrow.,We went with a disposition for dialogue and that's why we're going to continue with that disposition and see how things shape up tomorrow.,en,Reuters via The Borneo Post (PressReader),https://www.pressreader.com/malaysia/the-borneo-post-sabah/20190329/282248076914526,news_media,secondary_reported,"Exact day not given (Wednesday before 29 Mar 2019, likely 27 Mar); quote is English wire translation of Spanish original",PER
PS-0002,2019-03-05,2019,BRA,Bento Albuquerque,Minister of Mines and Energy of Brazil,minister_cabinet,LatAm executive,BRA,,speech,"Meeting with mining investors in Canada (PDAC, Toronto)",mining_general,,indigenous_community_rights;foreign_investment;sovereignty,CAN,not_mentioned,not_mentioned,INB,"Albuquerque told investors in Canada that the government was studying authorising mining in indigenous lands and border areas, arguing restrictions fostered illegal activity, and favoured opening uranium research to private investment.",As restrições aplicadas a essas áreas não têm favorecido seu desenvolvimento.,The restrictions applied to these areas have not favoured their development.,pt,Congresso em Foco,https://congressoemfoco.com.br/economia/governo-planeja-liberar-mineracao-em-terras-indigenas-diz-ministro,news_media,secondary_reported,Event name PDAC inferred from date/location,BRA
PS-0003,2019-07-16,2019,PER,Elmer Cáceres Llica,Regional Governor of Arequipa,subnational_gov,LatAm executive,PER,,press_conference,"Tía María license protests, Tambo Valley",copper,260300;740200;740311,environment_water;labor_social_conflict,none,not_mentioned,not_mentioned,Tía María; Southern Copper,"The Arequipa governor, backed by over 50 civil organizations, gave the central government 72 hours to declare the Tía María construction license null, while pursuing legal remedies and peaceful protests.","Le daremos al Gobierno central 72 horas para que resuelva el tema de la licencia de construcción, o sea que declare su nulidad de oficio","We will give the central government 72 hours to resolve the construction license issue, that is, to declare it null ex officio",es,La República,https://larepublica.pe/sociedad/2019/07/16/gobernador-de-arequipa-da-72-horas-a-vizcarra-para-cancelar-licencia-de-tia-maria,news_media,secondary_reported,,PER
PS-0004,2019-07-16,2019,PER,Martín Vizcarra,President of Peru,head_of_state,LatAm executive,PER,,press_conference,Protests over Tía María construction license granted to Southern Peru (9 Jul 2019),copper,260300;740200;740311,labor_social_conflict;environment_water;foreign_investment,none,not_mentioned,not_mentioned,Tía María; Southern Peru Copper; Grupo México,"Vizcarra said the construction license granted to Southern Peru for Tía María could not be annulled because the company had completed the administrative process, but called for dialogue and said construction would need proper conditions.","No se puede anular, tenemos que conversar y fruto del diálogo, encontremos las soluciones y consensos","It cannot be annulled; we have to talk, and through dialogue find solutions and consensus",es,El Búho,https://elbuho.pe/archivo/2019/07/16/martin-vizcarra-sobre-tia-maria-no-se-puede-anular-licencia-tenemos-que-conversar/index.html,news_media,secondary_reported,,PER
PS-0005,2019-09-06,2019,CHL,Pablo Terrazas,Executive Vice President of CORFO,other_executive,LatAm executive,CHL,,legislative_debate,Chamber of Deputies Economy Commission session on lithium and Tianqi-SQM,lithium,253090;282520;283691,technology_transfer;value_added_industrialization;foreign_investment,CHN,neutral,not_mentioned,CORFO; SQM; Tianqi; Instituto Chileno de Tecnologías Limpias,"CORFO head briefed deputies on lithium contracts, Tianqi's stake in SQM and the planned Chilean Institute of Clean Technologies in Antofagasta, funded with SQM contributions, for lithium R&D.","De aquí a fin de año, ya vamos a tener a algún consorcio liderando la creación de este instituto",By the end of the year we will have a consortium leading the creation of this institute,es,Cámara de Diputadas y Diputados,https://www.camara.cl/cms/2019/09/06/vicepresidente-de-corfo-informo-sobre-situacion-y-negociacion-del-litio/,legislative_record,primary_verified,Quote truncated to stay within 30 words; institute to have >US$200m for R&D,CHL
PS-0006,2019-09-06,2019,CHL,Renato Garín,"Deputy, Chair-level member of Economy Commission",legislator,LatAm legislature,CHL,Independent,legislative_debate,Chamber of Deputies Economy Commission session on lithium and Tianqi-SQM,lithium,253090;282520;283691,sovereignty;geopolitics_security;technology_transfer,CHN,negative,not_mentioned,SQM; Tianqi,Deputy Garín voiced concern about Chinese state influence over SQM through Tianqi and said Chile must retain sovereignty over its lithium resources and technology development.,,,es,Cámara de Diputadas y Diputados,https://www.camara.cl/cms/2019/09/06/vicepresidente-de-corfo-informo-sobre-situacion-y-negociacion-del-litio/,legislative_record,primary_verified,Paraphrase from Chamber press note; no verbatim quote,CHL
PS-0007,2019-10-13,2019,PER,Raúl Molina Martínez,Deputy Minister of Territorial Governance (PCM),other_executive,LatAm executive,PER,,official_statement,Chumbivilcas blockade of southern mining corridor used by Las Bambas,copper,260300;740200;740311,labor_social_conflict;infrastructure_ports,none,not_mentioned,not_mentioned,Las Bambas; MMG,"The PCM vice minister urged Chumbivilcas communities to lift their blockade of the road used by Las Bambas to haul copper concentrate, stressing it is a public road and that demands must be legally viable.","It is not possible to prevent the free movement of vehicles through the runway, including the miner's trucks, because it is a public road.","It is not possible to prevent the free movement of vehicles through the runway, including the miner's trucks, because it is a public road.",en,Reuters via MINING.COM,https://www.mining.com/?p=1004331,news_media,secondary_reported,Quote is English wire translation; date is article date,PER
PS-0008,2019-10-28,2019,PER,Juan Carlos Liu,Minister of Energy and Mines of Peru,minister_cabinet,LatAm executive,PER,,press_conference,Mining Council review of Tía María license,copper,260300;740200;740311,corruption_governance;labor_social_conflict,none,not_mentioned,not_mentioned,Tía María; Southern Copper; Consejo de Minería,"Liu said the Tía María license case was for the autonomous Mining Council to decide and that the government, following presidential guidelines, would abide by its ruling while promoting dialogue in the Tambo Valley.",El caso de Tía María es un caso que está para la decisión de la Comisión de Minería.,The Tía María case is one awaiting the decision of the Mining Commission.,es,ProActivo,https://proactivo.com.pe/juan-carlos-liu-gobierno-respetara-decision-del-consejo-de-mineria-sobre-tia-maria/,news_media,secondary_reported,,PER
PS-0009,2020-04,2020,BOL,José Luis Parada,Minister of Economy and Public Finance (Áñez interim government),minister_cabinet,LatAm executive,BOL,Áñez interim government,interview,"Interim government economic policy, COVID-19 period",lithium,253090;282520;283691,foreign_investment,none,not_mentioned,not_mentioned,Salar de Uyuni,Interim-government economy minister Parada said two or three companies from different countries would invest in lithium from the Uyuni salt flat and that policies to attract foreign partners were being prepared.,,,es,Tiempo Argentino,https://www.tiempoar.com.ar/ta_article/la-guerra-del-litio-entre-la-privatizacion-y-la-quiebra/,news_media,secondary_reported,Paraphrase from secondary source (left-leaning outlet); exact day in late April 2020 unknown; no verbatim quote seen.,BOL
PS-0010,2020-07-25,2020,BOL,Evo Morales,Former President of Bolivia (in exile),other,"Other (business, civil society, third countries)",BOL,Movimiento al Socialismo (MAS),social_media_post,Twitter exchange with Elon Musk,lithium,253090;282520;283691,sovereignty;geopolitics_security,USA,not_mentioned,negative,Tesla,"Responding to Elon Musk's 'We will coup whoever we want' tweet, Morales said it was further proof that the 2019 coup was over Bolivian lithium and vowed to defend Bolivia's resources.",Otra prueba más de que el golpe fue por el litio boliviano; y dos masacres como saldo. ¡Defenderemos siempre nuestros recursos!,Yet more proof that the coup was over Bolivian lithium; with two massacres as the toll. We will always defend our resources!,es,La República (Peru),https://larepublica.pe/mundo/2020/07/25/elon-musk-y-evo-morales-enfrentados-en-twitter-daremos-un-golpe-a-quien-queramos,news_media,secondary_reported,Tweet quoted by media; stance_us coded for US corporate actor (Musk/Tesla).,BOL
PS-0011,2020-09-28,2020,BRA,Jair Bolsonaro,President of Brazil,head_of_state,LatAm executive,BRA,no party (ex-PSL),speech,"Launch of the Mining and Development Program (PMD), Palácio do Planalto",niobium;mining_general,261590;720293,value_added_industrialization;technology_transfer;indigenous_community_rights,none,not_mentioned,not_mentioned,,"At the launch of the government's Mining and Development Program, Bolsonaro received a niobium coin from Minister Bento Albuquerque and praised niobium combined with graphene as able to revolutionise the car industry; the program included advancing a bill on mining in indigenous lands.",juntamente com o grafeno é capaz de produzir maravilhas,together with graphene it is capable of producing wonders,pt,Poder360,https://www.poder360.com.br/governo/em-lancamento-de-programa-de-mineracao-do-governo-bolsonaro-exalta-niobio/,news_media,secondary_reported,Bolsonaro left PSL in Nov 2019,BRA
PS-0012,2020-11-10,2020,BOL,Evo Morales,Former President of Bolivia; MAS leader,other,"Other (business, civil society, third countries)",BOL,Movimiento al Socialismo (MAS),press_conference,"Return to Bolivia from exile, Uyuni/Potosí tour",lithium,253090;282520;283691,value_added_industrialization;sovereignty;geopolitics_security,none,not_mentioned,not_mentioned,,"On his return to Bolivia, Morales said lithium reserves were the motive for the 2019 'coup', that industrialized countries want Latin America only for raw materials, and that his lithium industrialization plan would resume under President Arce.","allí donde los pueblos son dueños de los recursos naturales, preparan bases e intervenciones militares e incluso golpes de Estado","wherever peoples own their natural resources, they prepare bases and military interventions and even coups d'état",es,Público,https://www.publico.es/internacional/evo-morales-ve-litio-causa-golpe-bolivia.html,news_media,secondary_reported,Also reported by Gestión (https://gestion.pe/mundo/internacional/evo-morales-anuncia-que-se-reactivara-su-plan-de-litio-apenas-llegado-a-bolivia-noticia/): 'El plan que teníamos lo vamos a retomar ahora con el Lucho presidente'.,BOL
PS-0013,2020-12-04,2020,PER,Francisco Sagasti,President of Peru (transitional),head_of_state,LatAm executive,PER,Partido Morado,press_conference,Press conference with foreign media accredited in Peru,mining_general,,foreign_investment,none,not_mentioned,not_mentioned,,"Sagasti said his transitional government had no mandate to change economic direction and would ensure that foreign investments already under way, including in mining, continue, while arguing Peru should diversify beyond being a mining country.","hará lo que hay que hacer para que continúen las inversiones extranjeras ya en proceso, ya sea en la minería o en otros sectores","will do what must be done so that foreign investments already under way continue, whether in mining or other sectors",es,ProActivo,https://proactivo.com.pe/presidente-sagasti-reitera-la-necesidad-de-continuar-con-las-inversiones-mineras/,news_media,secondary_reported,Quote is in reported (third-person) form as published,PER
PS-0014,2021-04-16,2021,PER,Ana María Córdova,Legal representative of Perú Libre (Pedro Castillo campaign),political_party_candidate,LatAm party/candidate,PER,Perú Libre,campaign_statement,2021 presidential runoff campaign,mining_general;copper,260300;740200;740311,royalties_taxation;state_control_nationalization;foreign_investment,none,not_mentioned,not_mentioned,,"Speaking for candidate Pedro Castillo, Córdova said the party would not expropriate or nationalize mines but would renegotiate contract conditions so the state and local populations get a bigger share of profits.","Not to expropriate them, not to nationalize or anything, but so that the conditions in some way also favor populations where these industries or mining operations are involved","Not to expropriate them, not to nationalize or anything, but so that the conditions in some way also favor populations where these industries or mining operations are involved",en,Bloomberg via Mining Weekly,https://www.miningweekly.com/print-version/peru-candidate-seeks-bigger-cut-from-mining-not-state-control-2021-04-16,news_media,secondary_reported,English translation published by Bloomberg; original Spanish wording not seen,PER
PS-0015,2021-06-15,2021,ARG,Martín de los Ríos,Minister of Production of Salta (for Gov. Gustavo Sáenz),subnational_gov,LatAm executive,ARG,,interview,Reaction to national lithium nationalization proposals,lithium,253090;282520;283691,state_control_nationalization;sovereignty;foreign_investment,none,not_mentioned,not_mentioned,,Salta's production minister said the three lithium provinces formed the Mesa del Litio on the basis that lithium is a provincial resource and that nationalization initiatives create instability for investors.,,,es,Ámbito,https://www.ambito.com/ambito-nacional/litio/norte-rechaza-proyecto-nacionalizar-el-n5202043,news_media,secondary_reported,Only translated rendering seen; quote left blank.,ARG
PS-0016,2021-06-15,2021,ARG,Miguel Soler,Secretary of Mining of Jujuy (Morales government),subnational_gov,LatAm executive,ARG,UCR,interview,Reaction to national lithium nationalization proposals,lithium,253090;282520;283691,state_control_nationalization;sovereignty,none,not_mentioned,not_mentioned,,"Jujuy's mining secretary said proposals to nationalize lithium are unconstitutional because they interfere with provincial ownership of resources, and that Jujuy should make its own decisions.",,,es,Ámbito,https://www.ambito.com/ambito-nacional/litio/norte-rechaza-proyecto-nacionalizar-el-n5202043,news_media,secondary_reported,Only translated rendering seen; quote left blank.,ARG
PS-0017,2021-09-23,2021,PER,Pedro Francke,Minister of Economy and Finance of Peru,minister_cabinet,LatAm executive,PER,,interview,Proposed tax reform targeting mining windfall profits,copper;mining_general,260300;740200;740311,royalties_taxation,none,not_mentioned,not_mentioned,,"Francke argued that with copper above US$4/lb and costs around US$1/lb, the state should capture extraordinary mining profits and redistribute mining wealth through tax reform.","Hay que redistribuir la riqueza, en particular la riqueza minera","We must redistribute wealth, particularly mining wealth",es,La República,https://larepublica.pe/economia/2021/09/23/hay-resistencia-en-el-sector-minero-por-reforma-tributaria-ministerio-de-economia,news_media,secondary_reported,,PER
PS-0018,2021-10-01,2021,PER,Iván Merino,Minister of Energy and Mines of Peru,minister_cabinet,LatAm executive,PER,,interview,Three-week blockade of Las Bambas road in Chumbivilcas,copper,260300;740200;740311,labor_social_conflict;infrastructure_ports,none,not_mentioned,not_mentioned,Las Bambas; MMG,"Merino partly blamed MMG's short-term decision to haul Las Bambas copper concentrate on a dirt road for unrest with communities, and proposed a train line as a longer-term solution.",They made short-term decisions and that has a cost,They made short-term decisions and that has a cost,en,Reuters via Mining Weekly,https://www.miningweekly.com/article/peru-minister-partly-blames-mmg-for-las-bambas-unrest-sees-solution-in-train-line-2021-10-01,news_media,secondary_reported,English wire translation,PER
PS-0019,2021-11,2021,PER,Mirtha Vásquez,President of the Council of Ministers of Peru,minister_cabinet,LatAm executive,PER,,official_statement,Agreement with Ayacucho communities on mine closures,mining_general;silver,261610;710691,environment_water;indigenous_community_rights;labor_social_conflict,none,not_mentioned,not_mentioned,Hochschild; Ares; Apumayo; Sami,"Vásquez signed an agreement with Ayacucho communities confirming the closure of four mining operations and said mining expansions in the province would not be approved, prompting business backlash; a vice minister later said expansion plans could still be submitted.",,,es,Bloomberg Línea,https://www.bloomberglinea.com/2021/11/22/castillo-no-ha-existido-ni-existiran-decisiones-unilaterales-ni-arbitrarias-en-peru/,news_media,secondary_reported,Agreement dated c. 19-20 Nov 2021; silver tag because affected mines (Hochschild) are gold-silver operations,PER
PS-0020,2021-11-20,2021,ARG,Gustavo Sáenz; Gerardo Morales; Raúl Jalil,"Governors of Salta, Jujuy and Catamarca",subnational_gov,LatAm executive,ARG,,joint_declaration_or_mou,Creation of the Región Minera del Litio,lithium,253090;282520;283691,value_added_industrialization;infrastructure_ports;environment_water,none,not_mentioned,not_mentioned,YPF; Región Minera del Litio,"The three governors signed a treaty forming the Lithium Mining Region to coordinate infrastructure, production, technical and environmental matters across lithium research, extraction, industrialization and trade.","determinar las bases para generar condiciones de reciprocidad y coordinar esfuerzos en materia de infraestructura, producción, cuestiones técnicas ambientales","lay the foundations to create reciprocal conditions and coordinate efforts on infrastructure, production, technical and environmental issues",es,Más Energía (LM Neuquén),https://mase.lmneuquen.com/politica/se-conformo-la-region-minera-del-litio-n862429,news_media,secondary_reported,Quote by Sáenz; Mesa del Litio precedent.,ARG
PS-0021,2021-11-22,2021,PER,Pedro Castillo,President of Peru,head_of_state,LatAm executive,PER,Perú Libre,official_statement,Controversy over PM Vásquez's announced closure of four mines in Ayacucho,mining_general,,foreign_investment;environment_water;indigenous_community_rights,none,not_mentioned,not_mentioned,Hochschild; Ares; Apumayo,"Amid market turmoil after the premier agreed with Ayacucho communities to close four mining operations, Castillo said there would be no unilateral or arbitrary decisions and reaffirmed his commitment to guarantee private investment including mining.",No ha existido ni existirán decisiones unilaterales ni arbitrarias,"There have not been, nor will there be, unilateral or arbitrary decisions",es,Bloomberg Línea,https://www.bloomberglinea.com/2021/11/22/castillo-no-ha-existido-ni-existiran-decisiones-unilaterales-ni-arbitrarias-en-peru/,news_media,secondary_reported,,PER
PS-0022,2021-12-16,2021,PER,Mirtha Vásquez,President of the Council of Ministers of Peru,minister_cabinet,LatAm executive,PER,,press_conference,Chumbivilcas blockade halting Las Bambas,copper,260300;740200;740311,labor_social_conflict;corruption_governance,none,not_mentioned,not_mentioned,Las Bambas; MMG,"With the Las Bambas road blockade past 20 days, Vásquez said the government was evaluating options including eviction of protesters and, as a last resort, a state of emergency in Chumbivilcas.",Hay varias opciones que evaluar. No podemos permitir que se estén vulnerando ciertos derechos,There are several options to evaluate. We cannot allow certain rights to be violated,es,ProActivo,https://proactivo.com.pe/las-bambas-gobierno-evalua-desalojar-manifestantes-y-en-ultima-instancia-decretar-estado-de-emergencia-en-chumbivilcas/,news_media,secondary_reported,,PER
PS-0023,2021-12-21,2021,PER,Baltazar Lantarón,Regional Governor of Apurímac,subnational_gov,LatAm executive,PER,,official_statement,Las Bambas shutdown due to corridor blockade,copper,260300;740200;740311,royalties_taxation;labor_social_conflict,none,not_mentioned,not_mentioned,Las Bambas; MMG,"Lantarón criticized the Executive's negotiators as pusillanimous over the Las Bambas corridor blockade, warned of lost royalties and mining canon for Apurímac, and requested a 120-day emergency declaration on the southern mining corridor.",la actitud pusilánime de los negociadores del Ejecutivo están generado nefastas consecuencias económicas,the pusillanimous attitude of the Executive's negotiators is generating disastrous economic consequences,es,ProActivo,https://proactivo.com.pe/las-bambas-gobernador-regional-de-apurimac-califica-como-pusilanime-actitud-del-ejecutivo/,news_media,secondary_reported,,PER
PS-0024,2022-01,2022,CHL,Juan Carlos Jobet,Minister of Mining and Energy,minister_cabinet,LatAm executive,CHL,Independent (Piñera government),interview,Defence of lithium tender against incoming government's request to postpone,lithium,253090;282520;283691,foreign_investment;state_control_nationalization,none,not_mentioned,not_mentioned,,"Jobet argued Chile had failed to raise lithium output while other countries advanced, and said the tender (about 4% of reserves) did not mortgage the next government's agenda.","hemos sido incapaces de aumentar la producción y, mientras hacemos eso, los otros países avanzan","we have been unable to increase production and, while we do that, other countries advance",es,CNN Chile,https://www.cnnchile.com/sin-categoria/ministro-jobet-licitacion-litio-no-pone-riesgo-agenda-proximo-gobierno/,news_media,secondary_reported,Exact day not given; January 2022,CHL
PS-0025,2022-01-06,2022,CHL,Ricardo Díaz,Governor of Antofagasta Region,subnational_gov,LatAm executive,CHL,Independent,official_statement,Complaint to Comptroller over lithium tender,lithium,253090;282520;283691,indigenous_community_rights;sovereignty;corruption_governance,none,not_mentioned,not_mentioned,Salar de Atacama,"Antofagasta governor said his government filed a complaint with the Comptroller over the Piñera administration's lithium tender, arguing regional and indigenous Atacameño voices were not consulted.","No se puede hacer un proceso de consulta, en donde se hipoteca el futuro de nuestra región, sin considerar la voz de los que habitamos este territorio.",You cannot carry out a consultation process that mortgages the future of our region without considering the voice of those of us who live in this territory.,es,T13,https://www.t13.cl/noticia/nacional/gobernador-antofagasta-oficia-contraloria-proceso-licitacion-del-litio-06-01-2022,news_media,secondary_reported,,CHL
PS-0026,2022-01-07,2022,CHL,Sebastián Piñera,President of Chile,head_of_state,LatAm executive,CHL,Renovación Nacional,press_conference,Visit to O'Higgins Region; defence of lithium tender,lithium,253090;282520;283691,foreign_investment;state_control_nationalization;corruption_governance,AUS,not_mentioned,not_mentioned,,"Piñera defended the international lithium tender for about 4.4% of known reserves as transparent and Comptroller-approved, noting Chile had lost lithium leadership to Australia and saying a national lithium company, as proposed by Boric, could be done.",El litio es hoy día un mineral esencial para la sociedad que viene,Lithium is today an essential mineral for the society to come,es,El Dínamo,https://www.eldinamo.cl/politica/2022/01/07/pinera-defiende-licitacion-del-litio-y-asegura-que-es-transparente/,news_media,secondary_reported,,CHL
PS-0027,2022-01-10,2022,CHL,Rodrigo Cerda,Minister of Finance,minister_cabinet,LatAm executive,CHL,Independent (Piñera government),interview,Canal 13 interview on lithium tender,lithium,253090;282520;283691,royalties_taxation;state_control_nationalization,none,not_mentioned,not_mentioned,,"Finance minister said the lithium tender was not a lock-in (""amarre""), that lithium would remain Chilean and taxed, and that the government was listening to the president-elect's request to postpone it.",El litio va a seguir siendo de los chilenos,Lithium will continue to belong to Chileans,es,CNN Chile,https://www.cnnchile.com/pais/ministro-cerda-licitacion-litio-seguir-siendo-chilenos-cobrando-impuestos_20220110/,news_media,secondary_reported,,CHL
PS-0028,2022-01-12,2022,CHL,Esteban Velásquez,Deputy; President of Chamber Mining Commission,legislator,LatAm legislature,CHL,FRVS,legislative_debate,Chamber Mining Commission session on lithium tender,lithium,253090;282520;283691,corruption_governance;state_control_nationalization,none,not_mentioned,not_mentioned,BYD Chile SpA,Mining Commission chair criticised the Piñera government for ignoring calls to halt the lithium tender; opposition deputies announced judicial and administrative actions to annul it.,El Gobierno del Presidente Piñera no escuchó ningún llamado,President Piñera's government did not listen to any call,es,El Mostrador,https://www.elmostrador.cl/noticias/pais/2022/01/12/boric-califica-licitacion-del-litio-como-una-mala-noticia-que-recuerda-a-las-leyes-de-amarre-y-oposicion-buscara-anular-proceso-por-via-judicial-administrativa-y-legislativa/,news_media,secondary_reported,,CHL
PS-0029,2022-01-12,2022,CHL,Gabriel Boric,President-elect of Chile,political_party_candidate,LatAm party/candidate,CHL,Convergencia Social / Apruebo Dignidad,press_conference,Reaction to award of lithium tender to BYD and Servicios y Operaciones Mineras del Norte,lithium,253090;282520;283691,state_control_nationalization;corruption_governance,none,not_mentioned,not_mentioned,BYD Chile SpA; Servicios y Operaciones Mineras del Norte (SQM-linked),"President-elect Boric called the outgoing government's lithium tender award bad news reminiscent of the ""leyes de amarre"" and said his team would review its details.",es una mala noticia y me recuerda a esas leyes de amarre,it is bad news and reminds me of those lock-in laws,es,El Mostrador,https://www.elmostrador.cl/noticias/pais/2022/01/12/boric-califica-licitacion-del-litio-como-una-mala-noticia-que-recuerda-a-las-leyes-de-amarre-y-oposicion-buscara-anular-proceso-por-via-judicial-administrativa-y-legislativa/,news_media,secondary_reported,"speaker_type coded as candidate because president-elect, not yet in office",CHL
PS-0030,2022-02-02,2022,MEX,Andrés Manuel López Obrador,President of Mexico,head_of_state,LatAm executive,MEX,Morena,press_conference,Mañanera; announcement of state lithium company,lithium,253090;282520;283691,state_control_nationalization;sovereignty;geopolitics_security;foreign_investment,RUS;CHN;USA,neutral,neutral,,"AMLO said existing mining concessions did not cover lithium, which he called a strategic mineral belonging to the nation, and that the state would exploit it; he said Mexico did not want to be a territory of conflict between Russia, China or the US.","el litio lo va a explotar la nación. El litio ya, para que se entienda bien, no es ni siquiera del Gobierno o del Estado, el litio es del pueblo","lithium will be exploited by the nation. Lithium, to be clear, does not even belong to the government or the state, lithium belongs to the people",es,Emol (EFE),https://www.emol.com/noticias/Economia/2022/02/02/1045744/amlo-prohibe-extranjeros-explotar-litio.html,news_media,secondary_reported,,MEX
PS-0031,2022-02-06,2022,ARG,Xi Jinping; Alberto Fernández,President of China; President of Argentina,china_central_gov,China,CHN,CCP,joint_declaration_or_mou,Fernández state visit to Beijing; Argentina joins Belt and Road,mining_general,,diplomatic_relations;foreign_investment;infrastructure_ports,ARG,positive,not_mentioned,,"Chinese readout of the Xi-Fernández meeting says the sides will deepen cooperation in trade, agriculture, energy, mining, infrastructure, investment and finance, with China helping expand Argentina's exports.","la cooperación en áreas de comercio, agricultura, energía, minería, infraestructura, inversión, financiación y lucha antiepidémica","cooperation in the areas of trade, agriculture, energy, mining, infrastructure, investment, financing and the fight against the epidemic",es,Ministry of Foreign Affairs of the PRC (Spanish),https://www.mfa.gov.cn/esp/gjhdq/ldmz/3453/3455/202202/t20220206_10639512.html,primary_official,primary_verified,Mining only listed among sectors.,ARG
PS-0032,2022-03-31,2022,REG,Marco Rubio,"U.S. Senator (R-FL), Ranking Member, SFRC Subcommittee on the Western Hemisphere",us_congress,United States,USA,Republican,legislative_debate,SFRC Western Hemisphere subcommittee hearing 'China's Role in Latin America and the Caribbean',mining_general,,geopolitics_security;value_added_industrialization,CHN,negative,positive,,Rubio said the Chinese Communist Party pushes Latin American countries to stay dependent on mining and natural-resource exports rather than helping them develop and industrialize.,the Chinese Communist Party is pushing countries to remain dependent on mining and other—and the export of other natural resources,the Chinese Communist Party is pushing countries to remain dependent on mining and other—and the export of other natural resources,en,U.S. Senate Foreign Relations Committee (hearing transcript),https://www.foreign.senate.gov/download/transcript03312201,legislative_record,primary_verified,"Ranking-member role inferred, not confirmed on page.",USA_gov
PS-0033,2022-03-31,2022,REG,Tim Kaine,"U.S. Senator (D-VA), Chair, SFRC Subcommittee on the Western Hemisphere",us_congress,United States,USA,Democratic,legislative_debate,SFRC Western Hemisphere subcommittee hearing 'China's Role in Latin America and the Caribbean',lithium;copper,253090;260300;282520;283691;740200;740311,geopolitics_security;foreign_investment,CHN;ARG;BOL;CHL;PER,negative,positive,,"In his opening statement Kaine said China continues its quest for natural resources and raw materials across Latin America, citing lithium in Argentina, Bolivia and Chile and copper in Peru.","China continues its quest for natural resources and raw materials throughout the region, including lithium in places like Argentina, Bolivia, and Chile or copper in Peru.","China continues its quest for natural resources and raw materials throughout the region, including lithium in places like Argentina, Bolivia, and Chile or copper in Peru.",en,U.S. Senate Foreign Relations Committee (hearing transcript),https://www.foreign.senate.gov/download/transcript03312201,legislative_record,primary_verified,Subcommittee chair role inferred (Kaine chaired the WH subcommittee in the 117th Congress).,USA_gov
PS-0034,2022-04-18,2022,MEX,Andrés Manuel López Obrador,President of Mexico,head_of_state,LatAm executive,MEX,Morena,press_conference,Mañanera after failure of constitutional electricity reform; call to pass Mining Law reform,lithium,253090;282520;283691,state_control_nationalization;sovereignty;geopolitics_security,none,not_mentioned,not_mentioned,,"AMLO urged legislators to approve his Mining Law reform nationalizing lithium, saying it should be used only for national development and that a state company would explore, extract, process and sell it.","nacionalicemos el litio. Así de claro, que solo se utilice para el beneficio del desarrollo nacional.","let's nationalize lithium. That clear, so that it is only used for the benefit of national development.",es,El Financiero,https://www.elfinanciero.com.mx/nacional/2022/04/18/amlo-llama-a-legisladores-a-aprobar-este-lunes-la-nacionalizacion-del-litio/,news_media,secondary_reported,,MEX
PS-0035,2022-04-18,2022,MEX,Cámara de Diputados de México,Chamber of Deputies,legislature_body,LatAm legislature,MEX,,bill_or_law,Vote on Mining Law reform declaring lithium of public utility,lithium,253090;282520;283691,state_control_nationalization;sovereignty,none,not_mentioned,not_mentioned,,"The Chamber of Deputies approved in general the reform to the Mining Law nationalizing lithium by 298 votes in favour and 197 abstentions; PAN and PRI deputies abstained, while Movimiento Ciudadano voted against parts of it.",,,es,Expansión Política,https://politica.expansion.mx/congreso/2022/04/18/la-camara-de-diputados-aprueba-en-lo-general-reforma-a-la-ley-minera,news_media,secondary_reported,"In particular: 275 for, 187 abstentions, 24 against (MC).",MEX
PS-0036,2022-04-18,2022,MEX,Salomón Chertorivski,Federal Deputy (Movimiento Ciudadano),legislator,LatAm legislature,MEX,Movimiento Ciudadano,legislative_debate,Chamber of Deputies debate on lithium Mining Law reform,lithium,253090;282520;283691,state_control_nationalization;corruption_governance,none,not_mentioned,not_mentioned,,Chertorivski argued that lithium concessions could not be prohibited by ordinary statute and that it had to be done through the Constitution.,"No se puede prohibir en una ley una concesión, se tiene que hacer desde la Constitución","A concession cannot be prohibited in a law, it has to be done from the Constitution",es,Expansión Política,https://politica.expansion.mx/congreso/2022/04/18/la-camara-de-diputados-aprueba-en-lo-general-reforma-a-la-ley-minera,news_media,secondary_reported,,MEX
PS-0037,2022-04-19,2022,MEX,Alejandro Armenta,Senator (Morena),legislator,LatAm legislature,MEX,Morena,legislative_debate,Senate debate on lithium Mining Law reform,lithium,253090;282520;283691,state_control_nationalization;foreign_investment,none,not_mentioned,not_mentioned,,"Morena senator Armenta defended the reform, arguing that the private sector would still participate since the state company would sell lithium to private firms.",Se lo vende a los particulares,It is sold to private parties,es,Expansión Política,https://politica.expansion.mx/mexico/2022/04/19/el-senado-aprueba-la-reforma-a-la-ley-minera-de-lopez-obrador,news_media,secondary_reported,,MEX
PS-0038,2022-04-19,2022,MEX,Damián Zepeda,Senator (PAN),legislator,LatAm legislature,MEX,PAN,legislative_debate,Senate debate on lithium Mining Law reform,lithium,253090;282520;283691,state_control_nationalization;foreign_investment,none,not_mentioned,not_mentioned,,"PAN senator Damián Zepeda opposed the lithium reform, arguing the government should not act as a businessman in lithium exploitation.",el gobierno es pésimo para ser empresario,the government is terrible at being a businessman,es,Expansión Política,https://politica.expansion.mx/mexico/2022/04/19/el-senado-aprueba-la-reforma-a-la-ley-minera-de-lopez-obrador,news_media,secondary_reported,,MEX
PS-0039,2022-04-19,2022,MEX,José Erandi Bermúdez,Senator (PAN),legislator,LatAm legislature,MEX,PAN,legislative_debate,Senate debate on lithium Mining Law reform,lithium;critical_minerals_general,253090;282520;283691,state_control_nationalization;corruption_governance,none,not_mentioned,not_mentioned,,Bermúdez criticized the reform for lacking precision on which minerals would be considered 'strategic'.,,,es,Expansión Política,https://politica.expansion.mx/mexico/2022/04/19/el-senado-aprueba-la-reforma-a-la-ley-minera-de-lopez-obrador,news_media,secondary_reported,,MEX
PS-0040,2022-04-19,2022,MEX,Senado de la República,Mexican Senate,legislature_body,LatAm legislature,MEX,,bill_or_law,Senate vote on lithium Mining Law reform,lithium,253090;282520;283691,state_control_nationalization;sovereignty,none,not_mentioned,not_mentioned,LitioMx,"The Senate approved in general the Mining Law reform reserving lithium exploration and exploitation to the state, by 87 votes to 20 with 16 abstentions.",,,es,Expansión Política,https://politica.expansion.mx/mexico/2022/04/19/el-senado-aprueba-la-reforma-a-la-ley-minera-de-lopez-obrador,news_media,secondary_reported,"In particular: 76 for, 45 against.",MEX
PS-0041,2022-05,2022,BRA,Jair Bolsonaro,President of Brazil,head_of_state,LatAm executive,BRA,PL,speech,"Meeting with Elon Musk, São Paulo state",niobium,261590;720293,foreign_investment;technology_transfer,USA,not_mentioned,positive,Tesla,"Bolsonaro reportedly offered niobium to Elon Musk during their 2022 meeting, citing Brazil's 98% share of world reserves and studies on niobium batteries that Tesla could use.",,,pt,Portal Tela,https://www.portaltela.com/noticias/economia/2025/07/25/bolsonaro-oferece-mineral-estrategico-a-elon-musk-atraindo-interesse-de-trump/,news_media,secondary_reported,"Paraphrase only; month from known Musk visit (May 2022), source says only 2022",BRA
PS-0042,2022-05-19,2022,PER,Aníbal Torres,President of the Council of Ministers of Peru,minister_cabinet,LatAm executive,PER,,speech,"Dialogue with communities in Pumamarca, Apurímac; state of emergency over Las Bambas",copper,260300;740200;740311,labor_social_conflict;indigenous_community_rights,none,not_mentioned,not_mentioned,Las Bambas; MMG,Torres told community members that the state of emergency in Challhuahuacho and Coyllurqui would be lifted only once they abandoned forceful actions against Las Bambas and engaged in peaceful dialogue.,El estado de emergencia se levanta simultáneamente con el levantamiento de las actitudes de fuerza y restableciendo la paz social.,The state of emergency is lifted simultaneously with the lifting of forceful actions and the restoration of social peace.,es,Panamericana,https://panamericana.pe/nacionales/349610-bambas-premier-asegura-emergencia-levantara-deponga-actitudes-fuerza,news_media,secondary_reported,,PER
PS-0043,2022-06,2022,CHL,Marcela Hernando,Minister of Mining,minister_cabinet,LatAm executive,CHL,Partido Radical,official_statement,Government reaction to Supreme Court annulment of lithium tender,lithium,253090;282520;283691,indigenous_community_rights;state_control_nationalization,none,not_mentioned,not_mentioned,,"Mining minister said the Boric government would abide by the ruling, that it had warned the tender was badly designed, and that lithium would be developed through public-private partnerships with community dialogue.",ya habíamos advertido que la licitación estaba mal hecha,we had already warned that the tender was badly done,es,CNN Chile,https://www.cnnchile.com/sin-categoria/gobierno-fin-licitacion-litio-pinera-corte-suprema/,news_media,secondary_reported,Exact day not stated in source; early June 2022,CHL
PS-0044,2022-06-01,2022,CHL,Supreme Court of Chile (Third Chamber),Supreme Court,judiciary,LatAm judiciary,CHL,,court_ruling,Ruling on appeal by Colla communities against 2021 lithium tender,lithium,253090;282520;283691,indigenous_community_rights;corruption_governance,none,not_mentioned,not_mentioned,BYD Chile SpA; Servicios y Operaciones Mineras del Norte,"The Supreme Court annulled the Piñera-era lithium tender awarding 80,000 t each to BYD and Servicios y Operaciones Mineras del Norte, finding no specific area was set, which prevented prior indigenous consultation.",no se cumplió con el requisito de fijar un área específica,the requirement to set a specific area was not met,es,24 Horas (TVN),https://www.24horas.cl/regiones/atacama/corte-suprema-deja-sin-efecto-licitacion-del-litio-hecha-durante-gobierno-de-pinera-5329930,news_media,secondary_reported,"Ruling reported 1 June 2022, article 2 June",CHL
PS-0045,2022-06-03,2022,PER,Margot Palacios,Congresswoman (Perú Libre),legislator,LatAm legislature,PER,Perú Libre,bill_or_law,Bill PL 2259 to nationalize copper exploitation,copper,260300;740200;740311,state_control_nationalization,CHN,not_mentioned,not_mentioned,Las Bambas; MMG,"Palacios filed bill 2259 to create a National Copper Corporation with exclusive rights over copper exploration, extraction and initial processing, including a state company to operate the MMG-controlled Las Bambas mine.",crear una empresa nacional para operar la mina cuprífera Las Bambas,create a national company to operate the Las Bambas copper mine,es,Forbes Perú,https://forbes.pe/actualidad/2022-06-03/oficialismo-presenta-un-proyecto-para-nacionalizar-la-explotacion-del-cobre/,news_media,secondary_reported,Quote may be Forbes' paraphrase of the bill's objective,PER
PS-0046,2022-07-14,2022,REG,Laura Richardson,"Commander, U.S. Southern Command",us_central_gov,United States,USA,U.S. Department of Defense,speech,Concordia Americas Summit (Miami),lithium;rare_earths,253090;282520;283691;284690,geopolitics_security,none,not_mentioned,positive,,"Richardson described the region as rich in resources, rare earth minerals and lithium, noting the lithium triangle lies in the hemisphere.","This region is so rich in resources, rare earth minerals, lithium — the lithium triangle is in this region.","This region is so rich in resources, rare earth minerals, lithium — the lithium triangle is in this region.",en,Ludditus (blog compiling livestream quotes),https://ludditus.com/?p=75497,think_tank_or_ngo,unverified,Quote transcribed by a blog from Concordia livestream; not checked against video,USA_gov
PS-0047,2022-09-01,2022,MEX,Alfonso Durazo,Governor of Sonora; coordinator of Litio para México,subnational_gov,LatAm executive,MEX,Morena,interview,Appointment as coordinator of LitioMx,lithium,253090;282520;283691,state_control_nationalization;labor_social_conflict;value_added_industrialization,none,not_mentioned,not_mentioned,LitioMx,"Durazo said that if lithium exploitation becomes a profitable business its benefits must be shared with local people, and that the Sonora government would hold a stake in LitioMx.","esos beneficios tienen que ser compartidos con la gente local, si no, para mí francamente no tendría ningún sentido","those benefits have to be shared with local people; otherwise, frankly, it would make no sense to me",es,Expansión Política,https://politica.expansion.mx/estados/2022/09/01/durazo-coordinador-de-litio-para-mexico-cuidare-los-intereses-de-la-gente,news_media,secondary_reported,,MEX
PS-0048,2022-09-02,2022,COL,Gustavo Petro,President of Colombia,head_of_state,LatAm executive,COL,Pacto Histórico,speech,"Closing of national mining congress, Cartagena",critical_minerals_general;mining_general,,energy_transition;royalties_taxation,none,not_mentioned,not_mentioned,,"Petro told the mining industry that exploration should shift toward minerals for clean energy and fertilizers, and defended taxing coal and oil export windfall profits as world demand for hydrocarbons declines.",En las áreas en donde se puede explorar busquemos los minerales para las energías limpias. Busquemos los minerales para fertilizar las tierras,"In the areas where exploration is possible, let us look for minerals for clean energy. Let us look for minerals to fertilize the land",es,Forbes Perú (EFE),https://forbes.pe/economia-y-finanzas/2022-09-02/colombia-petro-propone-buscar-minerales-para-transformacion-energetica/,news_media,secondary_reported,Also reported by Mining Weekly 2022-09-04.,COL_ECU_PAN
PS-0049,2022-09-14,2022,ECU,Embassy of the People's Republic of China in Ecuador,Embassy spokesperson,china_embassy,China,CHN,,official_statement,Rebuttal of SOUTHCOM Commander Laura Richardson's remarks at the South American Defense Conference (Southdec),mining_general,,environment_water;geopolitics_security;foreign_investment;diplomatic_relations,USA;ECU,positive,negative,,"The Chinese embassy in Ecuador called Gen. Laura Richardson's claim that large Chinese mining projects were eroding Ecuadorian water sources 'ridiculous', saying Chinese firms follow strict environmental standards and contribute to local development. It accused the US of double standards and of seeking to sow discord between China and Ecuador.",sus difamaciones no muestran el mínimo respeto a Ecuador,her defamations show not the slightest respect for Ecuador,es,Vistazo,https://www.vistazo.com/amp/actualidad/nacional/china-refuta-declaraciones-de-la-comandante-de-ee-uu-intentan-sembrar-discordia-con-ecuador-JX3099391,news_media,secondary_reported,Date per Vistazo report (Wednesday 14 Sep 2022); embassy statement itself not seen.,CHN_gov
PS-0050,2022-09-20,2022,BOL,Luis Arce,President of Bolivia,head_of_state,LatAm executive,BOL,Movimiento al Socialismo (MAS),speech,"77th UN General Assembly, New York",lithium,253090;282520;283691,sovereignty;geopolitics_security;value_added_industrialization,none,not_mentioned,not_mentioned,,"At the UN General Assembly, Arce reaffirmed sovereignty over natural resources such as lithium and rejected interference and destabilization attempts aimed at controlling lithium, urging UN action against countries that do not respect non-interference.","Rechazamos todo tipo de injerencias y afanes de desestabilización de las democracia en nuestro país, con el afán de controlar el litio",We reject all kinds of interference and attempts to destabilize democracy in our country with the aim of controlling lithium,es,Emol,https://www.emol.com/noticias/Internacional/2022/09/20/1073368/arce-onu-medidas-intervencion-litio.html,news_media,secondary_reported,,BOL
PS-0051,2022-09-21,2022,ARG,Sabino Vaca Narvaja,Argentine Ambassador to China,other_executive,LatAm executive,ARG,Frente de Todos,speech,"China Mining fair opening, Tianjin",mining_general;lithium,253090;282520;283691,foreign_investment;diplomatic_relations,CHN,positive,not_mentioned,,"Vaca Narvaja, the only foreign speaker at the ceremony, promoted Argentina as a land of mining opportunity with clear rules and said China will play a key role in Argentine mining development.",China jugará un papel clave en el desarrollo minero argentino,China will play a key role in Argentine mining development,es,Tiempo Argentino,https://www.tiempoar.com.ar/ta_article/argentina-en-busca-de-inversiones-chinas-para-grandes-proyectos-mineros/,news_media,secondary_reported,,ARG
PS-0052,2022-09-22,2022,ARG,Alberto Fernández,President of Argentina,head_of_state,LatAm executive,ARG,Frente de Todos,speech,"Talk at The New School, New York",lithium,253090;282520;283691,state_control_nationalization;sovereignty,CHL;BOL,not_mentioned,not_mentioned,,"Fernández said lithium should be considered a strategic resource while respecting that it belongs to the provinces under Argentina's federal system, contrasting Chile's and Bolivia's models.",Debemos considerar el litio como un recurso estratégico,We must consider lithium a strategic resource,es,Reporte Minero,https://www.reporteminero.cl/noticia/noticias/2022/09/presidente-alberto-fernandez-propuso-declarar-litio-recurso-estrategico,news_media,secondary_reported,,ARG
PS-0053,2022-09-23,2022,BOL,Evo Morales,Former President of Bolivia; MAS leader,other,"Other (business, civil society, third countries)",BOL,Movimiento al Socialismo (MAS),social_media_post,Claims about UK role in 2019 crisis,lithium,253090;282520;283691,sovereignty;geopolitics_security;diplomatic_relations,GBR,not_mentioned,not_mentioned,British Embassy in La Paz,Morales tweeted that evidence showed the 2019 'coup' was financed by the United Kingdom and its ambassador Jeff Glekin to take control of Bolivian lithium.,Ante la evidencia de que el golpe de Estado fue financiado por el Reino Unido y su embajador @jeffglekin para adueñarse del litio boliviano,Given the evidence that the coup d'état was financed by the United Kingdom and its ambassador @jeffglekin to take over Bolivian lithium,es,Correo del Sur,https://correodelsur.com/politica/20220923/evo-dice-que-reino-unido-financio-un-golpe-en-2019-para-aduenarse-del-litio-boliviano.html,news_media,secondary_reported,,BOL
PS-0054,2022-09-30,2022,ARG,Gerardo Morales,Governor of Jujuy,subnational_gov,LatAm executive,ARG,UCR,speech,Presentation to US State Department and Department of Energy with governors Sáenz and Jalil,lithium,253090;282520;283691,foreign_investment;energy_transition;diplomatic_relations,USA,not_mentioned,positive,,"Morales told US officials it is very important to deepen ties with the US and hoped more US companies would invest in the lithium provinces, calling lithium a strategic and critical mineral for the energy transition.",Para nosotros es sumamente importante profundizar la relación bilateral con Estados Unidos y esperar así que más empresas norteamericanas inviertan en nuestras provincias,For us it is extremely important to deepen the bilateral relationship with the United States and thus hope more American companies invest in our provinces,es,TodoJujuy,https://www.todojujuy.com/jujuy/gerardo-morales-expuso-el-litio-y-los-proyectos-mineros-n225633,news_media,secondary_reported,,ARG
PS-0055,2022-10-24,2022,PER,Song Yang,Chinese Ambassador to Peru,china_embassy,China,CHN,CCP,interview,Interview with El Peruano on bilateral relations,mining_general;copper,260300;740200;740311,foreign_investment;infrastructure_ports;diplomatic_relations,CHN,positive,not_mentioned,Puerto de Chancay; Chinese mining companies,"Song Yang said more than 10 Chinese mining companies had invested over US$23.1 billion in Peru, paying taxes and creating jobs, and presented Chancay port as a future integrated maritime hub for Latin America.","Más de 10 empresas mineras chinas han invertido en el Perú, con una inversión total de más de 23.1 mil millones de dólares.","More than 10 Chinese mining companies have invested in Peru, with total investment of over 23.1 billion dollars.",es,El Peruano,https://elperuano.pe/noticia/195514-embajador-song-yang-el-peru-y-china-estan-en-un-momento-crucial-de-transformacion-y-crecimiento,primary_official,primary_verified,El Peruano is the state gazette/newspaper,PER
PS-0056,2022-11-04,2022,ARG,Sabino Vaca Narvaja,Argentine Ambassador to China,other_executive,LatAm executive,ARG,Frente de Todos,speech,"China International Import Expo, Shanghai; Tibet Summit lithium announcement",lithium,253090;282520;283691,foreign_investment;value_added_industrialization,CHN,positive,not_mentioned,Tibet Summit Resources; Salar de Diablillos; Salar de Arizaro,"At the CIIE, where Tibet Summit announced over US$2bn of lithium investment in Salta, Vaca Narvaja said China dominates the entire lithium chain and Argentina should exploit its privileged position hand in hand with China.","Nuestro país tiene una posición privilegiada y debemos, explotarla al máximo de la mano de China",Our country has a privileged position and we must exploit it to the fullest hand in hand with China,es,La Voz de San Justo,https://www.lavozdesanjusto.com.ar/una-empresa-china-anuncio-inversiones-en-litio-por-us2200-millones-128580,news_media,secondary_reported,Also reported by Cancillería (fetch timed out).,ARG
PS-0057,2022-12-16,2022,PAN,Government of Panama,Executive (Cortizo administration),other_executive,LatAm executive,PAN,PRD,official_statement,Breakdown of Cobre Panamá contract negotiations,copper,260300;740200;740311,royalties_taxation;foreign_investment;sovereignty,CAN,not_mentioned,not_mentioned,Cobre Panamá; First Quantum; Minera Panamá,"Panama's government halted talks with First Quantum and announced it would order suspension of Cobre Panamá operations, seeking a new contract with at least USD 375 million a year in taxes and royalties.",,,en,First Quantum Minerals (company release),https://www.first-quantum.com/news/first-quantum-minerals-responds-to-latest-developments-in-panama/,news_media,secondary_reported,Government position as described by the company; source is corporate.,COL_ECU_PAN
PS-0058,2023-01-16,2023,COL,Gustavo Petro,President of Colombia,head_of_state,LatAm executive,COL,Pacto Histórico,speech,"Public event in Jericó, Antioquia",copper,260300;740200;740311,environment_water;labor_social_conflict,none,not_mentioned,not_mentioned,Quebradona; AngloGold Ashanti,"Petro announced a ban on mining in Jericó, where AngloGold Ashanti's Quebradona copper project awaits licensing, said all mining titles would be reviewed against water protection, and announced a reform of the Mining Code.","Entonces, nosotros escogemos el agua",So we choose water,es,Valora Analitik,https://www.valoraanalitik.com/colombia-prohibir-mineria-en-jerico-petro-dejo-por-fuera-a-400-promineros/,news_media,secondary_reported,,COL_ECU_PAN
PS-0059,2023-01-19,2023,REG,Laura Richardson,"Commander, U.S. Southern Command",us_central_gov,United States,USA,U.S. Department of Defense,interview,Atlantic Council video conversation,lithium;rare_earths;copper,253090;260300;282520;283691;284690;740200;740311,geopolitics_security,CHN;RUS;ARG;BOL;CHL,negative,positive,,"SOUTHCOM commander said Latin America matters to US security because of its resources, citing the 'lithium triangle' of Argentina, Bolivia and Chile with about 60% of world lithium, plus rare earth elements, oil and fresh water, and said the US must step up its game against adversaries.","Why this region matters with all its rich resource and rare earth elements, you've got the lithium triangle which is needed for technology today.","Why this region matters with all its rich resource and rare earth elements, you've got the lithium triangle which is needed for technology today.",en,Buenos Aires Herald,https://www.buenosairesherald.com/world/international-relations/defense-ministry-held-meetings-with-us-southern-command,news_media,secondary_reported,Quote as reported by Buenos Aires Herald; Spanish coverage (Conclusión https://www.conclusion.com.ar/?p=985547) adds '60% of the world's lithium is in the lithium triangle'.,USA_gov
PS-0060,2023-01-20,2023,BOL,Luis Arce,President of Bolivia,head_of_state,LatAm executive,BOL,Movimiento al Socialismo (MAS),speech,"Signing of DLE agreement between YLB and CBC consortium, La Paz",lithium,253090;282520;283691,foreign_investment;value_added_industrialization;technology_transfer,CHN,positive,not_mentioned,YLB; CBC; CATL; BRUNP; CMOC; Salar de Uyuni; Salar de Coipasa,"Arce announced a US$1bn+ agreement with the Chinese CBC consortium (CATL, BRUNP, CMOC) to apply direct lithium extraction in Potosí and Oruro, targeting lithium battery exports by early 2025.",Hoy hemos decidido darle un giro con industria con la extracción directa de litio,Today we have decided to make a turn toward industry with direct lithium extraction,es,Correo del Sur,https://correodelsur.com/economia/20230120_bolivia-firma-convenio-con-consorcio-chino-para-la-industrializacion-del-litio.html,news_media,secondary_reported,,BOL
PS-0061,2023-01-22,2023,BOL,Franklin Molina,Minister of Hydrocarbons and Energy,minister_cabinet,LatAm executive,BOL,Movimiento al Socialismo (MAS),interview,Interview on CBC lithium agreement,lithium,253090;282520;283691,foreign_investment;state_control_nationalization;processing_refining;technology_transfer,CHN,positive,not_mentioned,YLB; CBC; CATL,"Molina said the CBC deal involves joint investment in two lithium carbonate plants of 25,000 t each, with YLB retaining 100% ownership, and would generate over US$5bn in revenue.","nos va a permitir generar ingresos importantísimos para el país, que superarían los 5.000 millones de dólares","it will allow us to generate very important revenues for the country, exceeding 5 billion dollars",es,Correo del Sur,https://correodelsur.com/panorama/20230122/nos-va-a-permitir-generar-ingresos-que-superarian-los-us-5-000-millones.html,news_media,secondary_reported,,BOL
PS-0062,2023-01-23,2023,REG,Laura Richardson,"Commander, US Southern Command",us_central_gov,United States,USA,,speech,"Atlantic Council event, Washington",lithium;rare_earths,253090;282520;283691;284690,geopolitics_security,ARG;BOL;CHL,not_mentioned,not_mentioned,,"The SOUTHCOM commander highlighted that about 60% of the world's lithium lies in the 'lithium triangle' of Argentina, Bolivia and Chile, framing the region's resources as strategically important to the US.",,,en,Economía Sustentable,https://economiasustentable.com/noticias/las-criticas-que-recibio-la-jefa-del-comando-sur-tras-enumerar-los-intereses-de-estados-unidos-en-america-latina,news_media,secondary_reported,Quote as rendered by secondary source (may be back-translated); region-wide statement naming Bolivia. Quote cleared: only translated wording seen.,BOL
PS-0063,2023-02-18,2023,MEX,Andrés Manuel López Obrador,President of Mexico,head_of_state,LatAm executive,MEX,Morena,decree_or_regulation,"Signing of lithium nationalization decree, Bacadéhuachi, Sonora",lithium,253090;282520;283691,state_control_nationalization;sovereignty;geopolitics_security,RUS;CHN;USA,negative,negative,LitioMx,"In Bacadéhuachi, Sonora, AMLO signed a decree transferring lithium reserve areas to the Energy Ministry, saying lithium would be nationalized so that foreigners from Russia, China or the US could not exploit it.","Vamos a nacionalizar el litio para que no lo puedan explotar los extranjeros ni de Rusia, ni de China, ni de Estados Unidos","We are going to nationalize lithium so that foreigners from Russia, China or the United States cannot exploit it",es,N+,https://www.nmas.com.mx/nacional/amlo-firma-decreto-sobre-nacionalizacion-del-litio-en-sonora/,news_media,secondary_reported,Stance toward CHN/USA coded negative regarding their exploitation of Mexican lithium.,MEX
PS-0064,2023-03,2023,ECU,Corte Provincial de Justicia de Imbabura,Provincial Court of Imbabura,judiciary,LatAm judiciary,ECU,,court_ruling,Protection action against Llurimagua copper project,copper,260300;740200;740311,environment_water;indigenous_community_rights,CHL,not_mentioned,not_mentioned,Llurimagua; ENAMI; Codelco,"The Imbabura provincial court upheld a 2020 first-instance ruling, revoking the Llurimagua copper project's environmental license over violations of environmental rights and consultation obligations.",,,es,Primicias,https://www.primicias.ec/economia/licitacion-proyecto-cobre-llurimagua-mineria-consulta-ambiental-imbabura-118038/,news_media,secondary_reported,Reported retrospectively in 2026 article; day unknown.,COL_ECU_PAN
PS-0065,2023-03-08,2023,REG,Laura Richardson,"Commander, U.S. Southern Command",us_central_gov,United States,USA,U.S. Department of Defense,report,SOUTHCOM 2023 Posture Statement to Congress,mining_general,,geopolitics_security;foreign_investment;infrastructure_ports,CHN,negative,positive,,"The 2023 posture statement warned that the PRC has expanded its ability to extract resources, establish ports and manipulate governments through predatory investment in the region.","The PRC has expanded its ability to extract resources, establish ports, manipulate governments through predatory investment practices","The PRC has expanded its ability to extract resources, establish ports, manipulate governments through predatory investment practices",en,U.S. Southern Command,https://www.southcom.mil/Media/Special-Coverage/SOUTHCOMs-2023-Posture-Statement-to-Congress/,primary_official,primary_verified,,USA_gov
PS-0066,2023-03-08,2023,REG,Laura Richardson,"Commander, U.S. Southern Command",us_central_gov,United States,USA,U.S. Department of Defense,legislative_debate,House Armed Services Committee hearing on SOUTHCOM posture,lithium,253090;282520;283691,geopolitics_security;foreign_investment,CHN;ARG;BOL;CHL,negative,positive,,"Testifying to the House, Richardson said the region is full of resources exploited by adversaries who appear to invest but actually extract, and described China's lithium game in the region as very advanced and aggressive.","la agresividad de China y su juego en el terreno con el litio, es muy avanzado y muy agresivo",China's aggressiveness and its game on the ground with lithium is very advanced and very aggressive,es,El Observador (Uruguay),https://www.elobservador.com.uy/nota/la-disputa-entre-china-y-estados-unidos-por-el-litio-en-america-latina-20234128128,news_media,secondary_reported,Spanish rendering of English testimony; also reported by El Ciudadano https://www.elciudadano.com/?p=942911 (dated 10 Mar 2023),USA_gov
PS-0067,2023-03-23,2023,REG,Laura Richardson,"Commander, U.S. Southern Command",us_central_gov,United States,USA,U.S. Department of Defense,legislative_debate,Senate Armed Services Committee hearing on NORTHCOM/SOUTHCOM posture,lithium,253090;282520;283691,geopolitics_security,CHN,negative,positive,,"Testifying to the Senate, Richardson said the PRC has expanded its ability to extract resources from the region and gets 75 percent of its lithium from South America.","The PRC has expanded its ability to extract resources, and gets 36 percent of its food imports from the region and 75 percent of its lithium from South America.","The PRC has expanded its ability to extract resources, and gets 36 percent of its food imports from the region and 75 percent of its lithium from South America.",en,Senate Armed Services Committee transcript,https://www.armed-services.senate.gov/download/transcript-3232023,legislative_record,primary_verified,,USA_gov
PS-0068,2023-03-24,2023,BOL,Luis Arce,President of Bolivia,head_of_state,LatAm executive,BOL,Movimiento al Socialismo (MAS),speech,Speech in La Paz proposing joint Latin American lithium policy,lithium,253090;282520;283691,geopolitics_security;sovereignty;trade_deals_offtake,USA;ARG;CHL,not_mentioned,negative,,"Arce called for a common, sovereign Latin American lithium market policy and said Bolivia did not want its lithium in the US Southern Command's crosshairs or used to destabilize elected governments.",,,en,Mining Weekly (Reuters),https://www.miningweekly.com/article/bolivia-president-calls-for-joint-latin-america-lithium-policy-2023-03-24,news_media,secondary_reported,Quote is English translation by Reuters; Spanish original not seen. Quote cleared: only translated wording seen.,BOL
PS-0069,2023-03-31,2023,REG,U.S. Department of the Treasury,Treasury (Sec. Janet Yellen),us_central_gov,United States,USA,Biden administration,decree_or_regulation,Proposed guidance on IRA clean vehicle credit (Section 30D) critical minerals requirement,critical_minerals_general;lithium;nickel;cobalt;graphite,250490;253090;260400;282520;283691;720260,tariffs_trade_policy;energy_transition;trade_deals_offtake,CHL;COL;MEX;PAN;PER;other,not_mentioned,positive,Inflation Reduction Act,"Treasury's proposed IRA guidance listed free-trade-agreement countries, including Chile, Colombia, Mexico, Panama and Peru, whose extracted or processed critical minerals count toward the EV credit's rising sourcing thresholds (40% in 2023 to 80% from 2027).",,,en,U.S. Department of the Treasury,https://home.treasury.gov/news/press-releases/jy1379,primary_official,primary_verified,"Argentina, Bolivia, Brazil not FTA partners (excluded unless new critical minerals agreement)",USA_gov
PS-0070,2023-04-06,2023,ARG,Sabino Vaca Narvaja,Argentine Ambassador to China,other_executive,LatAm executive,ARG,Frente de Todos,speech,Tour of Fujian province with Catamarca governor Jalil,lithium;mining_general,253090;282520;283691,foreign_investment;trade_deals_offtake,CHN,positive,not_mentioned,,"Vaca Narvaja said mining has the potential to solve Argentina's recurrent foreign-currency crises, noting a single lithium project could account for up to 5% of national exports.",la minería tiene el potencial para solucionar nuestras recurrentes crisis de divisas,mining has the potential to solve our recurrent foreign-currency crises,es,El Economista,https://eleconomista.com.ar/economia/vaca-narvaja-la-mineria-tiene-potencial-solucionar-recurrentes-crisis-divisas-n61228,news_media,secondary_reported,Trip followed Jalil's China visit seeking lithium investment (Zijin).,ARG
PS-0071,2023-04-09,2023,CHL,Bob Menendez,"U.S. Senator, Chair of Senate Foreign Relations Committee",us_congress,United States,USA,Democratic,interview,"Visit to Chile, April 2023",lithium,253090;282520;283691,geopolitics_security;environment_water,CHN,negative,positive,,"During a visit to Chile, Senator Menendez said China lacked environmental standards and sought the easiest way to extract lithium, contrasting it with US standards and China's state-controlled model.",,,en,Ex-Ante,https://www.ex-ante.cl/?p=138108,news_media,secondary_reported,Paraphrase; quotes reported in Spanish translation via Chinese ambassador rebuttal article,CHL
PS-0072,2023-04-09,2023,CHL,Niu Qingbao,Chinese Ambassador to Chile,china_embassy,China,CHN,CCP,op_ed,Rebuttal to Senator Menendez's remarks on Chinese lithium extraction,lithium,253090;282520;283691,geopolitics_security;environment_water;diplomatic_relations,USA,positive,negative,,"The Chinese ambassador published a rebuttal titled ""Double standards are Mr. Bob Menendez's trademark"", defending China as the largest clean-energy producer and accusing the US of coercing countries through coups, threats and sanctions.",,,es,Ex-Ante,https://www.ex-ante.cl/?p=138108,news_media,secondary_reported,Paraphrase; article date 9 Apr 2023,CHL
PS-0073,2023-04-14,2023,BRA,Xi Jinping,President of the People's Republic of China,head_of_state,China,CHN,CCP,joint_declaration_or_mou,Lula state visit to Beijing; joint statement on deepening comprehensive strategic partnership,mining_general,,foreign_investment;energy_transition;diplomatic_relations,BRA,positive,not_mentioned,,"The China-Brazil joint statement issued during Lula's state visit says both sides will actively encourage their companies to invest in each other's countries, particularly in infrastructure, energy transition, logistics, energy, mining, agriculture, industry and high technology. It names no specific minerals.",双方同意积极鼓励两国企业到对方国家开展投资，特别是在基础设施、能源转型、物流、能源、矿业、农业、工业以及高科技领域。,"The two sides agree to actively encourage their enterprises to invest in each other's countries, especially in infrastructure, energy transition, logistics, energy, mining, agriculture, industry and high-tech fields.",zh,Ministry of Foreign Affairs of the PRC,https://www.mfa.gov.cn/web/gjhdq_676201/gj_676203/nmz_680924/1206_680974/1207_680986/202304/t20230414_11059627.shtml,primary_official,primary_verified,"Paragraph 21 of the joint statement. Joint China-Brazil text attributed to Xi as China's head of state, following the existing China-Peru joint statement record. Mining is one sector in a list; weak mineral content.",CHN_gov
PS-0074,2023-04-17,2023,ARG,Laura Richardson,"Commander, U.S. Southern Command",us_central_gov,United States,USA,U.S. Department of Defense,official_statement,"SOUTHCOM commander visit to Argentina (Patagonia, Ushuaia)",lithium,253090;282520;283691,geopolitics_security;diplomatic_relations,CHN;ARG,negative,positive,,"Richardson's visit to Argentina and the Southern Cone was reported as having lithium and concern over China on the agenda, following her earlier public emphasis on the lithium triangle as a US security interest.",,,en,Buenos Aires Times,https://batimes.com.ar/news/argentina/us-general-visits-southern-cone-with-patagonia-and-lithium-on-agenda.phtml,news_media,secondary_reported,Visit-level record; no direct quote on lithium during visit,USA_gov
PS-0075,2023-04-20,2023,CHL,Gabriel Boric,President of Chile,head_of_state,LatAm executive,CHL,Convergencia Social / Frente Amplio,speech,National broadcast announcing the National Lithium Strategy,lithium,253090;282520;283691,state_control_nationalization;value_added_industrialization;environment_water;indigenous_community_rights,none,not_mentioned,not_mentioned,Empresa Nacional del Litio; Codelco,"Boric announced the National Lithium Strategy with the state as central actor, a future National Lithium Company seeking private partners, a salt-flat protection network and community involvement.",nuestro desafío es que nuestro país se convierta en el principal productor de litio en el mundo,our challenge is for our country to become the main lithium producer in the world,es,El Dínamo,https://www.eldinamo.cl/politica/2023/04/20/los-cinco-pilares-de-la-estrategia-nacional-del-litio-presentada-por-el-presidente-boric/,news_media,secondary_reported,,CHL
PS-0076,2023-04-20,2023,CHL,Ricardo Díaz,Governor of Antofagasta Region,subnational_gov,LatAm executive,CHL,Independent,interview,Reaction to National Lithium Strategy,lithium,253090;282520;283691,value_added_industrialization;indigenous_community_rights,none,not_mentioned,not_mentioned,Salar de Atacama,Antofagasta governor welcomed the president's view that value could be added in the region but criticised the absence of indigenous communities and regional participation in the strategy's launch.,El Presidente vio que se puede agregar valor acá en la región con personal de la región.,The President saw that value can be added here in the region with people from the region.,es,El Desconcierto,https://eldesconcierto.cl/2023/04/21/gobernador-diaz-y-estrategia-nacional-del-litio-el-presidente-vio-que-se-puede-agregar-valor-aca-en-la-region,news_media,secondary_reported,,CHL
PS-0077,2023-04-20,2023,MEX,Ildefonso Guajardo,Federal Deputy (PRI),legislator,LatAm legislature,MEX,PRI,legislative_debate,Chamber of Deputies debate on 2023 Mining Law reform,mining_general,,foreign_investment;state_control_nationalization,none,not_mentioned,not_mentioned,,"Former economy minister Guajardo opposed the reform, arguing that articles 10 and 10 bis would cause Mexican mining to lose its potential.","con los artículos 10 y 10 bis de la reforma, la minería mexicana perderá su potencial","with articles 10 and 10 bis of the reform, Mexican mining will lose its potential",es,Excélsior,https://www.excelsior.com.mx/nacional/reducen-periodo-de-concesiones-mineras-diputados-envian-reforma-al-senado/1582870,news_media,secondary_reported,Debate ran overnight 20-21 April 2023.,MEX
PS-0078,2023-04-20,2023,MEX,Manuel Rodríguez González,Federal Deputy (Morena); President of the Energy Commission,legislator,LatAm legislature,MEX,Morena,legislative_debate,Chamber of Deputies debate on 2023 Mining Law and water concessions reform,mining_general,,state_control_nationalization;environment_water;sovereignty,none,not_mentioned,not_mentioned,,"Presenting the reform, Rodríguez said its central aim was to recover state stewardship over mineral and water resources; the bill shortened mining concessions and water concessions for mining.",La esencia y objetivo central es recuperar la rectoría del Estado sobre los recursos minerales e hídricos del subsuelo mexicano,The essence and central objective is to recover the State's stewardship over the mineral and water resources of the Mexican subsoil,es,Zeta Tijuana,https://zetatijuana.com/2023/04/sin-discusion-morena-pt-pvem-y-mc-aprueban-en-lo-general-reformas-para-disminuir-anos-a-concesiones-mineras/,news_media,secondary_reported,Debate ran overnight 20-21 April 2023.,MEX
PS-0079,2023-04-21,2023,MEX,Cámara de Diputados de México,Chamber of Deputies,legislature_body,LatAm legislature,MEX,,bill_or_law,Vote on 2023 Mining Law and water concessions reform,mining_general,,state_control_nationalization;environment_water,none,not_mentioned,not_mentioned,,"The Chamber of Deputies approved in general the AMLO-backed reform of the Mining Law, National Waters Law and environmental laws by 290 votes to 186 with 1 abstention; Morena, PT, PVEM and MC supported it while PAN, PRI and PRD opposed.",,,es,Excélsior,https://www.excelsior.com.mx/nacional/reducen-periodo-de-concesiones-mineras-diputados-envian-reforma-al-senado/1582870,news_media,secondary_reported,In particular: 251-209-1 (Infobae via Cámara síntesis).,MEX
PS-0080,2023-04-22,2023,MEX,"Asociación de Ingenieros de Minas, Metalurgistas y Geólogos de México (AIMMGM)",Mining professional association,other,"Other (business, civil society, third countries)",MEX,,official_statement,Reaction to Chamber approval of Mining Law reform,mining_general,,foreign_investment;corruption_governance,none,not_mentioned,not_mentioned,,"The mining engineers' association urged the Senate to hold an open parliament before ratifying the fast-tracked reform, warning of provisions on exploration, payments and restrictions affecting the industry.","Antes de ratificar la reforma aprobada por la Cámara de Diputados, el Senado de la República debe convocar a un parlamento abierto","Before ratifying the reform approved by the Chamber of Deputies, the Senate must convene an open parliament",es,Forbes México (via Cámara de Diputados síntesis),https://comunicacion.diputados.gob.mx/sintesis/LINKSIN/22423_P_FORBES_0_MINEROSPIDEN_SENADOVOTERFLEYMINERA_3DIP.pdf,news_media,secondary_reported,Industry actor.,MEX
PS-0081,2023-04-23,2023,MEX,COPARMEX,Employers' confederation,other,"Other (business, civil society, third countries)",MEX,,official_statement,Press release on Mining Law reform,mining_general,,foreign_investment;corruption_governance,none,not_mentioned,not_mentioned,,"COPARMEX asked the Senate not to fast-track the mining reform, calling for an open parliament with experts and firms, investment certainty, and postponing approval until September.",es necesario escuchar a expertos y a las empresas mediante un parlamento abierto,it is necessary to listen to experts and companies through an open parliament,es,COPARMEX,https://coparmex.org.mx/downloads/ENVIOS/CP_31_EN_LA_LEY_DE_MINERIA_ES_NECESARIO_ESCUCHAR_A_EXPERTOS_E_INDUSTRIA_SENADO_DEBE_EVITAR_APROBAR_FAST_TRACK.pdf,primary_official,primary_verified,"Business association, not government.",MEX
PS-0082,2023-04-26,2023,ARG,Juan Carlos Alderete,National Deputy (Frente de Todos - CCC),legislator,LatAm legislature,ARG,Frente de Todos (Corriente Clasista y Combativa),bill_or_law,Bill declaring lithium a strategic resource (with Dep. Verónica Caliva),lithium,253090;282520;283691,state_control_nationalization;sovereignty;value_added_industrialization;indigenous_community_rights,none,not_mentioned,not_mentioned,,"Alderete and Caliva promoted a bill declaring lithium a strategic natural resource, stressing sovereignty, industrialization, environmental protection and indigenous rights.","Es imprescindible que tomemos la defensa de nuestra soberanía, y protejamos los intereses nacionales referidos a este recurso natural estratégico",It is essential that we defend our sovereignty and protect national interests regarding this strategic natural resource,es,Diario de Cuyo,https://www.diariodecuyo.com.ar/argentina/Litio-planean-nacionalizar-el-recurso-20230426-0079.html,news_media,secondary_reported,,ARG
PS-0083,2023-04-28,2023,MEX,Grupo México (Leonardo Contreras),"Director of Administration and Finance, Mining Division, Grupo México",other,"Other (business, civil society, third countries)",MEX,,press_conference,Analyst/investor call during Senate debate on Mining Law reform,copper;mining_general,260300;740200;740311,foreign_investment,none,not_mentioned,not_mentioned,Grupo México,A Grupo México executive told analysts the company saw no effect of the proposed Mining Law reform on its current business and was awaiting the outcome.,"No vemos ningún efecto en nuestro negocio actual, estamos esperando las resoluciones","We see no effect on our current business, we are waiting for the resolutions",es,Bloomberg (via Cámara de Diputados síntesis),https://comunicacion.diputados.gob.mx/sintesis/LINKSIN/28423_P_BLOOMBERG_0_GRUPOMEXICO_REFORMALEYMINERA_3DIP.pdf,news_media,secondary_reported,Corporate actor.,MEX
PS-0084,2023-04-29,2023,MEX,Senado de la República,Mexican Senate,legislature_body,LatAm legislature,MEX,,bill_or_law,Senate vote on 2023 Mining Law and water concessions reform,mining_general,,state_control_nationalization;environment_water,none,not_mentioned,not_mentioned,,"The Senate approved the Mining Law, National Waters Law and environmental law reforms with 66 votes in a session held at an alternate venue without the opposition, sending them to the executive.",,,es,Bloomberg Línea,https://www.bloomberglinea.com/latinoamerica/mexico/senado-de-mexico-aprueba-cambios-a-ley-minera-y-del-mercado-de-valores/,news_media,secondary_reported,Session ran late 28 April into 29 April; date of report used.,MEX
PS-0085,2023-05,2023,CHL,Senate of Chile,Senate (plenary),legislature_body,LatAm legislature,CHL,,bill_or_law,Senate vote on mining royalty bill (second constitutional stage),copper;lithium,253090;260300;282520;283691;740200;740311,royalties_taxation,none,not_mentioned,not_mentioned,,"The Senate approved the mining royalty bill on large copper and lithium producers 38-2 with one abstention, sending it to the Chamber for the third stage; Republican senators Rojo Edwards and Aravena voted against.",,,es,Radio Agricultura,https://www.radioagricultura.cl/economia/2023/05/11/senado-aprueba-proyecto-sobre-royalty-minero-y-lo-despacha-a-su-tercer-tramite-a-la-camara/,news_media,secondary_reported,Vote 10-11 May 2023; article dated 11 May,CHL
PS-0086,2023-05-02,2023,MEX,Andrés Guevara Cárdenas,"Local Deputy, Congress of Guerrero",legislator,LatAm legislature,MEX,Morena,legislative_debate,Guerrero state congress session commenting on federal Mining Law reform,mining_general,,environment_water;indigenous_community_rights;state_control_nationalization,none,not_mentioned,not_mentioned,,"In the Guerrero state congress, Guevara praised the federal mining reform as putting citizens, environment and national territory at the centre and respecting natural resources and communities.",Hoy estamos ante una reforma que representa el respeto a nuestros recursos naturales y a la población de las comunidades,Today we are facing a reform that represents respect for our natural resources and for the population of the communities,es,Congreso del Estado de Guerrero,https://congresogro.gob.mx/63/sesiones/intervenciones/2023-05-02-1-23-87967.pdf,legislative_record,primary_verified,Party affiliation inferred from content of the intervention; verify.,MEX
PS-0087,2023-05-03,2023,ARG,Marc Stanley,US Ambassador to Argentina,us_embassy,United States,USA,Democratic,speech,"Event at Inter-American Dialogue, Washington",lithium,253090;282520;283691,geopolitics_security;trade_deals_offtake,CHN,negative,positive,,"Stanley said the US needs more tools to compete with China in the region, citing a lithium trade initiative among planned US-Argentina efforts.",,,es,Inter-American Dialogue (reprinting Clarín),https://thedialogue.org/analysis/ee-uu-le-mando-un-mensaje-a-la-argentina-y-mostro-preocupacion-por-el-avance-de-china-en-la-region/,think_tank_or_ngo,secondary_reported,Only partial quote ('más herramientas') available; paraphrased.,ARG
PS-0088,2023-05-04,2023,MEX,Andrés Manuel López Obrador,President of Mexico,head_of_state,LatAm executive,MEX,Morena,press_conference,Mañanera after Congress approved 2023 Mining Law reform,mining_general,,state_control_nationalization;environment_water,none,not_mentioned,not_mentioned,Cerro de San Pedro,"AMLO said the newly approved Mining Law would apply to future concessions and that his government would not grant any new concessions, recalling environmental damage from gold mining at Cerro de San Pedro.","una ley para aplicarse en el futuro cuando se entreguen concesiones, si es que van a entregar concesiones, en el caso de nosotros no vamos a entregar concesiones","a law to be applied in the future when concessions are granted, if they are granted; in our case we will not grant concessions",es,N+,https://www.nmas.com.mx/nacional/ley-minera-2023-amlo-advierte-que-solo-afectara-a-las-nuevas-concesiones/,news_media,secondary_reported,,MEX
PS-0089,2023-05-08,2023,MEX,Andrés Manuel López Obrador,President of Mexico,head_of_state,LatAm executive,MEX,Morena,bill_or_law,Promulgation of Mining Law reform in Diario Oficial,mining_general,,state_control_nationalization;environment_water;royalties_taxation,none,not_mentioned,not_mentioned,,"The reform package cutting mining concessions to up to 80 years and water concessions to 30 years was published in the official gazette; AMLO argued it did not harm investors, noting miners had earned record profits.","han obtenido utilidades y en algunos casos, como nunca","they have obtained profits, and in some cases like never before",es,Zeta Tijuana,https://zetatijuana.com/2023/05/gobierno-de-amlo-promulga-reformas-para-disminuir-anos-a-concesiones-mineras/,news_media,secondary_reported,Quote date approximate (reported with promulgation).,MEX
PS-0090,2023-05-08,2023,MEX,Raquel Buenrostro,Secretary of Economy of Mexico,minister_cabinet,LatAm executive,MEX,Morena,press_conference,Explaining new Mining Law,mining_general,,environment_water;state_control_nationalization,none,not_mentioned,not_mentioned,,Buenrostro said that under the new law concessions in water-scarce areas would only be granted with presidential authorization and that there would be no new concessions because people have priority over water.,No habrá concesiones nuevas porque no hay agua y la prioridad la tiene la gente,There will be no new concessions because there is no water and people have priority,es,El Financiero,https://www.elfinanciero.com.mx/economia/2023/05/08/ley-minera-solo-amlo-podra-autorizar-concesiones-en-zonas-sin-agua/,news_media,secondary_reported,Exact date of remark approximate (article date).,MEX
PS-0091,2023-05-09,2023,BRA,Romeu Zema,Governor of Minas Gerais,subnational_gov,LatAm executive,BRA,Novo,speech,"Launch of 'Vale do Lítio' project at Nasdaq, New York",lithium,253090;282520;283691,foreign_investment;value_added_industrialization;environment_water;energy_transition,USA,not_mentioned,not_mentioned,Vale do Lítio,"Launching the Lithium Valley initiative at Nasdaq, Zema said Minas Gerais would proceed in stages from extraction to processing and purification and had begun contacts with battery makers, pledging careful but solution-oriented environmental licensing.","Estamos começando já acima do básico, não estamos vendendo o minério sem beneficiamento",We are already starting above the basics; we are not selling the ore without processing,pt,Itatiaia,https://www.itatiaia.com.br/politica/governo-de-minas-lanca-vale-do-litio-na-nasdaq-e-busca-investidores-para-exploracao-no-vale-do-jequitinhonha/,news_media,secondary_reported,,BRA
PS-0092,2023-05-09,2023,MEX,Pablo Taddei,Director General of LitioMx,state_company,LatAm state company,MEX,,interview,Interview on LitioMx plans,lithium,253090;282520;283691,state_control_nationalization;foreign_investment;technology_transfer,none,not_mentioned,not_mentioned,LitioMx,"Taddei said existing concessions would be respected, that the state's role vis-a-vis private participation had been misinterpreted, and that his duty was to obtain lithium in the most economically viable way.","El Estado mexicano, aunque suene trillado, es respetuoso de la ley y eso ha sido una orden del presidente desde el inicio. Se respetarán las concesiones","The Mexican state, trite as it sounds, respects the law and that has been the president's order from the start. Concessions will be respected",es,Expansión,https://expansion.mx/empresas/2023/05/09/primera-produccion-litio-sexenio-2028,news_media,secondary_reported,Article reports first production expected around 2028.,MEX
PS-0093,2023-05-10,2023,BRA,Alexandre Silveira,Minister of Mines and Energy of Brazil,minister_cabinet,LatAm executive,BRA,PSD,speech,Event on Vale do Lítio / mining in Minas Gerais,lithium;niobium;iron_ore,253090;261590;282520;283691;720293,energy_transition;foreign_investment,none,not_mentioned,not_mentioned,Vale do Lítio,"Silveira stressed that Minas Gerais's economy depends on mining beyond iron ore, citing Jequitinhonha lithium, niobium and potash as strategic minerals for the energy transition, as his ministry engaged in Zema's Lithium Valley investor talks.","Não é só a questão do minério de ferro. Os minerais estratégicos (também): o lítio do Vale do Jequitinhonha, o nióbio, o potássio","It is not only about iron ore. Strategic minerals too: Jequitinhonha Valley lithium, niobium, potash",pt,Itatiaia,https://www.itatiaia.com.br/politica/o-papel-do-ministerio-de-alexandre-silveira-nas-conversas-sobre-o-vale-do-litio-em-minas/,news_media,secondary_reported,Date = article date; statement may be earlier,BRA
PS-0094,2023-05-15,2023,CHL,Bernadette Meehan,U.S. Ambassador to Chile,us_embassy,United States,USA,U.S. Department of State,interview,Interview on National Lithium Strategy and US-China competition,lithium,253090;282520;283691,foreign_investment;geopolitics_security;state_control_nationalization,CHN,negative,positive,,"The US ambassador said it was wrong to call Chile's lithium strategy a nationalisation, said US firms wanted to be part of the industry, denied the US forces Chile to choose sides and called for fair competition with state-backed firms.",es un error decir que es una nacionalización de la industria,it is a mistake to say it is a nationalisation of the industry,es,Redimin,https://www.redimin.cl/bernadette-meehan-embajadora-de-eeuu-en-chile-es-un-error-decir-que-la-estrategia-del-litio-es-la-nacionalizacion-de-la-industria/amp/,news_media,secondary_reported,stance_china negative inferred from remarks on state-backed firms and coercion (China implied),CHL
PS-0095,2023-05-16,2023,ARG,Juan Carlos Alderete,National Deputy (Frente de Todos - CCC),legislator,LatAm legislature,ARG,Frente de Todos (Corriente Clasista y Combativa),interview,Defending lithium strategic-resource bill,lithium,253090;282520;283691,state_control_nationalization;sovereignty;value_added_industrialization,none,not_mentioned,not_mentioned,,"Alderete said his bill does not nationalize lithium but declares it strategic, keeping it provincial while the national state sets minimal regulation of companies and pushes industrialization.","No es nacionalizar el litio, sino declararlo recurso estratégico, el litio seguirá siendo de las provincias",It is not nationalizing lithium but declaring it a strategic resource; lithium will remain the provinces',es,Bloomberg Línea,https://www.bloomberglinea.com/latinoamerica/argentina/litio-por-que-proyecto-del-frente-de-todos-no-es-nacionalizacion-segun-su-autor/,news_media,secondary_reported,,ARG
PS-0096,2023-06-20,2023,ARG,Alberto Fernández,President of Argentina,head_of_state,LatAm executive,ARG,Frente de Todos,social_media_post,Jujuy constitutional reform protests,lithium,253090;282520;283691,indigenous_community_rights;labor_social_conflict,none,not_mentioned,not_mentioned,,"Fernández held Governor Morales solely responsible for the crisis in Jujuy, saying the constitutional reform ignores international agreements, does not listen to indigenous peoples and denies the right to protest.",Usted es el único responsable de haber llevado a nuestra querida provincia de Jujuy a esta situación límite,You are solely responsible for bringing our beloved province of Jujuy to this breaking point,es,Los Andes,https://www.losandes.com.ar/politica/alberto-fernandez-y-cristina-kirchner-le-respondieron-a-gerardo-morales-y-lo-responsabilizaron-por-la-violencia-que-se-vive-en-jujuy,news_media,secondary_reported,Statement does not explicitly mention lithium; coded lithium because the reform conflict centred on lithium/land rights of indigenous communities.,ARG
PS-0097,2023-06-20,2023,ARG,Gerardo Morales,Governor of Jujuy,subnational_gov,LatAm executive,ARG,UCR,official_statement,Jujuy constitutional reform protests,lithium,253090;282520;283691,labor_social_conflict;indigenous_community_rights,none,not_mentioned,not_mentioned,,Morales blamed President Fernández and Vice President Kirchner for the extreme violence in Jujuy and criticized the sending of activists from elsewhere; he later described the events as an attempted coup.,Hago responsable al Presidente y a la Vicepresidenta de la extrema violencia que se está viviendo en la provincia de Jujuy,I hold the President and Vice President responsible for the extreme violence in the province of Jujuy,es,Los Andes,https://www.losandes.com.ar/politica/alberto-fernandez-y-cristina-kirchner-le-respondieron-a-gerardo-morales-y-lo-responsabilizaron-por-la-violencia-que-se-vive-en-jujuy,news_media,secondary_reported,No explicit lithium mention; context is the lithium-linked reform conflict.,ARG
PS-0098,2023-06-30,2023,COL,Gustavo Petro,President of Colombia,head_of_state,LatAm executive,COL,Pacto Histórico,speech,"Event in Albania, La Guajira (Cerrejón area)",mining_general,,energy_transition;environment_water;labor_social_conflict,none,not_mentioned,not_mentioned,Cerrejón,"Petro said there could be no expansion of open-pit coal mining in Colombia, calling Cerrejón's expansion economically absurd given the expected collapse of world coal demand.",No puede haber expansiones de explotación de carbón a cielo abierto en Colombia,There can be no expansions of open-pit coal mining in Colombia,es,Blu Radio,https://www.bluradio.com/nacion/no-puede-haber-expansiones-de-explotacion-de-carbon-a-cielo-abierto-petro-rg10,news_media,secondary_reported,Coal is outside mineral vocabulary; coded mining_general. El Espectador reports same speech.,COL_ECU_PAN
PS-0099,2023-07-26,2023,REG,José W. Fernández,"U.S. Under Secretary of State for Economic Growth, Energy, and the Environment",us_central_gov,United States,USA,Biden administration,legislative_debate,Senate Foreign Relations Committee hearing 'U.S. Economic Security: Addressing Economic Coercion and Increasing Competitiveness',lithium;copper;nickel;cobalt;critical_minerals_general,253090;260300;260400;282520;283691;720260;740200;740311,geopolitics_security;processing_refining;diplomatic_relations,CHN;BRA;ARG;CHL;PER,negative,positive,Minerals Security Partnership,"Asked about growing Brazil-China mineral and EV ties, Fernández told senators the US must get more involved in the hemisphere's critical minerals, naming Brazil, Argentina, Chile and Peru, and cited the Minerals Security Partnership as the response.","Brazil could be a very valuable partner in finding critical minerals. It's not only Brazil. Argentina, Chile, Peru — we've got to do more in this hemisphere.","Brazil could be a very valuable partner in finding critical minerals. It's not only Brazil. Argentina, Chile, Peru — we've got to do more in this hemisphere.",en,MINING.COM (Reuters),https://www.mining.com/web/us-says-it-must-work-with-latin-america-more-on-key-minerals/,news_media,secondary_reported,Hearing date 26 Jul 2023 confirmed on foreign.senate.gov; Bloomberg Línea version dated 27 Jul. Written testimony: https://www.foreign.senate.gov/download/072623_fernandez_testimony,USA_gov
PS-0100,2023-08-03,2023,CHL,Gabriel Boric,President of Chile,head_of_state,LatAm executive,CHL,Convergencia Social / Frente Amplio,speech,"Promulgation of Mining Royalty Law, Mejillones (Antofagasta)",copper,260300;740200;740311,royalties_taxation;labor_social_conflict,none,not_mentioned,not_mentioned,,"Boric promulgated the royalty law on large copper mining (max. burden 46.5%), saying resources must not be concentrated in few hands and that revenues would fund regional development.",No es justo que donde se genera tanta riqueza exista tanta necesidad,It is not fair that where so much wealth is generated there is so much need,es,BioBioChile,https://www.biobiochile.cl/noticias/economia/negocios-y-empresas/2023/08/03/boric-promulga-ley-de-royalty-a-la-gran-mineria-los-recursos-no-se-pueden-concentrar-en-pocas-manos.shtml,news_media,secondary_reported,,CHL
PS-0101,2023-08-04,2023,REG,Laura Richardson,"Commander, U.S. Southern Command",us_central_gov,United States,USA,U.S. Department of Defense,interview,CSIS 'Looking South' conversation,lithium;rare_earths;copper,253090;260300;282520;283691;284690;740200;740311,geopolitics_security;foreign_investment;infrastructure_ports,CHN,negative,positive,,"Richardson stressed the hemisphere's natural resource wealth, including the lithium triangle's ~60% of global lithium reserves and copper, and characterized PRC investment in the region as extraction rather than investment.",what the PRC is doing – the People's Republic of China – looks to be investment but really I call it extraction,what the PRC is doing – the People's Republic of China – looks to be investment but really I call it extraction,en,CSIS,https://www.csis.org/analysis/looking-south-conversation-gen-laura-richardson-security-challenges-latin-america,think_tank_or_ngo,primary_verified,CSIS event transcript,USA_gov
PS-0102,2023-08-24,2023,COL,Álvaro Pardo,President of the National Mining Agency (ANM),other_executive,LatAm executive,COL,,official_statement,ANM announcement on mining contracts,mining_general;critical_minerals_general,,environment_water;energy_transition;value_added_industrialization,none,not_mentioned,not_mentioned,ANM,"The ANM head said no new open-pit mining contracts would be granted and no title would be issued in environmentally restricted areas, while existing contracts would be respected and mining redirected to value-added and transition minerals.",,,es,Valora Analitik,https://www.valoraanalitik.com/?p=310853,news_media,secondary_reported,Spanish wording not captured; paraphrased.,COL_ECU_PAN
PS-0103,2023-09-03,2023,BOL,Karla Calderón Dávalos,President of YLB,state_company,LatAm state company,BOL,YLB,interview,Interview after appointment as YLB head,lithium,253090;282520;283691,value_added_industrialization;trade_deals_offtake,none,not_mentioned,not_mentioned,YLB,"The new YLB head said lithium is the energy of tomorrow, that carbonate production remains profitable despite falling prices, and that immediate action is needed for YLB to enter world markets.","El litio es la energía del mañana y nosotros, como empresa, estamos llamados a ser líderes en la producción responsable y ética de este elemento vital","Lithium is the energy of tomorrow and we, as a company, are called to be leaders in the responsible and ethical production of this vital element",es,Correo del Sur,https://correodelsur.com/economia/20230903/titular-de-ylb-estamos-llamados-a-ser-lideres-en-produccion-del-litio.html,news_media,secondary_reported,,BOL
PS-0104,2023-09-14,2023,ARG,Javier Milei,Presidential candidate (La Libertad Avanza),political_party_candidate,LatAm party/candidate,ARG,La Libertad Avanza,interview,Interview with Tucker Carlson during 2023 campaign,critical_minerals_general,,geopolitics_security;diplomatic_relations,CHN;RUS;BRA,negative,not_mentioned,,"As a presidential candidate, Milei told Tucker Carlson he would not do business with China or with any communist country, listing China, Putin and Lula as outside his camp of freedom and democracy.","No solo no voy a hacer negocios con China, no voy a hacer negocios con ningún comunista.","Not only will I not do business with China, I will not do business with any communist.",es,La Política Online,https://www.lapoliticaonline.com/politica/miei-con-carlson-tucker-no-voy-a-hacer-negocios-con-china-y-con-ningun-pais-comunista/,news_media,secondary_reported,Baseline China stance; statement not mineral-specific (included per project scope on Milei's China shift). Interview recorded the previous week.,ARG
PS-0105,2023-09-28,2023,MEX,Andrés Manuel López Obrador,President of Mexico,head_of_state,LatAm executive,MEX,Morena,press_conference,Mañanera after Ganfeng disclosed cancellation of its Sonora concessions,lithium,253090;282520;283691,state_control_nationalization;foreign_investment,CHN,neutral,not_mentioned,Ganfeng Lithium;Bacanora Lithium;Sonora Lithium project,"AMLO said lithium concessions were under review because they had originally been granted for gold, silver and copper, not lithium, and that lithium belongs to the nation as a strategic mineral.",We have decided that lithium belongs to the nation because it's a strategic mineral.,We have decided that lithium belongs to the nation because it's a strategic mineral.,en,Mining.com (Reuters),https://www.mining.com/web/mexico-says-lithium-concessions-under-review-after-ganfeng-flags-cancellations/,news_media,secondary_reported,Quote is Reuters English translation of Spanish original.,MEX
PS-0106,2023-10-11,2023,REG,Laura Richardson,"Commander, U.S. Southern Command",us_central_gov,United States,USA,U.S. Department of Defense,interview,FDD event 'Latin America's China Challenge',lithium;copper,253090;260300;282520;283691;740200;740311,geopolitics_security;infrastructure_ports,CHN;ARG;BOL;CHL,negative,positive,Belt and Road Initiative,"Richardson again cited the lithium triangle's 60% of world lithium plus copper and gold, and said the US must ensure adversaries and strategic competitors are not going to the region to extract for nefarious reasons; she criticized BRI projects as debt traps.",you want to make sure that adversaries and strategic competitors aren't trying to go there for nefarious reasons to extract,you want to make sure that adversaries and strategic competitors aren't trying to go there for nefarious reasons to extract,en,Foundation for Defense of Democracies (event transcript),https://media.fdd.org/wp-content/uploads/2023/10/fdd-events-Latin-Americas-China-Challenge.pdf,think_tank_or_ngo,primary_verified,,USA_gov
PS-0107,2023-10-17,2023,CHL,Xi Jinping,President of the People's Republic of China,head_of_state,China,CHN,CCP,official_statement,"Xi-Boric talks, Beijing, Belt and Road Forum 2023",mining_general,,energy_transition;diplomatic_relations;foreign_investment,CHL,positive,not_mentioned,,"In China's official readout of talks with Gabriel Boric, Xi called for new growth drivers in clean energy, digital economy and science and technology cooperation. The readout records Boric's wish to strengthen cooperation in fields including energy and mining.","foster new drivers of growth for cooperation on clean energy, digital economy, and scientific and technological innovation","foster new drivers of growth for cooperation on clean energy, digital economy, and scientific and technological innovation",en,Ministry of Foreign Affairs of the PRC,https://www.fmprc.gov.cn/eng./xw/zyxw/202405/t20240530_11332343.html,primary_official,primary_verified,Mining mention is attributed to Boric in the Chinese readout; Xi's remarks do not name lithium or copper. Weak mineral content.,CHN_gov
PS-0108,2023-10-20,2023,PAN,Laurentino Cortizo,President of Panama,head_of_state,LatAm executive,PAN,PRD,bill_or_law,Sanction of Law 406 (Cobre Panamá contract),copper,260300;740200;740311,foreign_investment;royalties_taxation;labor_social_conflict,CAN,not_mentioned,not_mentioned,Cobre Panamá; First Quantum; Law 406,"Cortizo signed into law the renewed First Quantum concession contract hours after the National Assembly approved it in third debate, triggering nationwide protests.",,,en,Reuters,https://www.reuters.com/markets/commodities/panama-congress-signs-off-contract-with-canadas-first-quantum-2023-10-20/,news_media,secondary_reported,Details via Wikipedia '2023 Panamanian protests' summary citing this article; the article itself could not be fetched (site blocked).,COL_ECU_PAN
PS-0109,2023-10-31,2023,PAN,Laurentino Cortizo,President of Panama,head_of_state,LatAm executive,PAN,PRD,official_statement,Mass protests against Law 406,copper,260300;740200;740311,labor_social_conflict;environment_water;corruption_governance,none,not_mentioned,not_mentioned,Cobre Panamá; Law 406,"Facing mass protests, Cortizo proposed a national referendum on whether to keep the Cobre Panamá contract (Bill 1109).",,,en,AP News,https://apnews.com/article/panama-mining-environment-canada-aab0c46dd8a0dfb2930154b831a2e3ac,news_media,secondary_reported,Details via Wikipedia '2023 Panamanian protests' summary citing this article; the article itself could not be fetched (site blocked). Bill 1109 first debate 2023-10-31 confirmed in First Quantum update of 2023-11-03.,COL_ECU_PAN
PS-0110,2023-11-03,2023,PAN,Asamblea Nacional de Panamá,National Assembly of Panama,legislature_body,LatAm legislature,PAN,,bill_or_law,Bill 1110 / Law 407 metallic mining moratorium,copper;mining_general,260300;740200;740311,environment_water;labor_social_conflict,none,not_mentioned,not_mentioned,Cobre Panamá; Law 407; Law 406,"The Assembly approved an indefinite moratorium on new metallic mining concessions (Bill 1110, Law 407) after removing an amendment that would have repealed Law 406; Cortizo signed it the same day.",,,en,First Quantum Minerals (company release),https://www.first-quantum.com/news/first-quantum-provides-update-on-panama/,news_media,secondary_reported,Final approval/signature per Wikipedia citing AP (https://apnews.com/article/panama-bill-mine-moratorium-protests-environment-canada-3ed264e871f09fa5ee7ed6fb6eeb0c61).,COL_ECU_PAN
PS-0111,2023-11-11,2023,MEX,Peter Secker,CEO of Bacanora Lithium (Ganfeng subsidiary),other,"Other (business, civil society, third countries)",GBR,,interview,Ganfeng's Sonora lithium project after concession cancellation,lithium,253090;282520;283691,foreign_investment;state_control_nationalization,CHN,positive,not_mentioned,Ganfeng Lithium;Bacanora Lithium;Sonora Lithium project,"Secker said Ganfeng had been trying to discuss with the Mexican government how they could work together under commercially viable arrangements, but that no one would invest US$1 billion without security.","Nadie va a invertir US$ 1,000 millones a menos que tenga algún tipo de seguridad.",Nobody is going to invest US$1 billion unless they have some kind of security.,es,Gestión (Bloomberg),https://gestion.pe/mundo/mexico/china-ganfeng-sigue-con-mira-puesta-en-litio-mexicano-pese-a-plan-estatista-de-amlo-noticia/,news_media,secondary_reported,Spanish rendering of an English interview; corporate actor.,MEX
PS-0112,2023-11-23,2023,ARG,Wang Wei,Chinese Ambassador to Argentina,china_embassy,China,CHN,CCP,interview,Visit to San Juan province,mining_general;lithium,253090;282520;283691,diplomatic_relations;foreign_investment,ARG,positive,not_mentioned,Shandong Gold; Veladero; CART radiotelescope,"Days after Milei's election, Wang Wei said subnational cooperation with San Juan has a solid base, in a province where Shandong Gold co-owns Veladero and Chinese firms explore lithium and build infrastructure.","En el caso específico de San Juan, la cooperación entre las entidades subnacionales cuenta con una sólida base","In the specific case of San Juan, cooperation between subnational entities has a solid base",es,Diario de Cuyo,https://www.diariodecuyo.com.ar/noticias/para-el-embajador-de-china-el-vinculo-con-san-juan-es-solido-1580186.html,news_media,secondary_reported,Mining link via context (Veladero); quote is general.,ARG
PS-0113,2023-11-28,2023,PAN,Corte Suprema de Justicia de Panamá,Supreme Court of Justice (plenary),judiciary,LatAm judiciary,PAN,,court_ruling,Unconstitutionality ruling on Law 406,copper,260300;740200;740311,sovereignty;environment_water;corruption_governance,none,not_mentioned,not_mentioned,Cobre Panamá; First Quantum; Law 406,"The nine Supreme Court justices unanimously declared Law 406 approving the Cobre Panamá contract unconstitutional, citing violations of 25 constitutional articles; the ruling was published in the Official Gazette on 2 Dec 2023.",,,es,First Quantum Minerals (company release),https://www.first-quantum.com/news/first-quantum-provides-update-on-cobre-panama-2/,news_media,secondary_reported,Unanimity and 25 articles per Wikipedia citing AP; Gaceta Oficial 29685-D.,COL_ECU_PAN
PS-0114,2023-11-28,2023,PAN,Laurentino Cortizo,President of Panama,head_of_state,LatAm executive,PAN,PRD,official_statement,Reaction to Supreme Court ruling,copper,260300;740200;740311,environment_water;labor_social_conflict,none,not_mentioned,not_mentioned,Cobre Panamá; First Quantum,"Cortizo said his administration would comply with the ruling and ensure a safe and orderly closure of the Cobre Panamá mine, beginning the transition process.",,,es,AP News,https://apnews.com/article/panama-copper-mine-supreme-court-canadian-629d8a7838f23cc4ed845a1b3c7a2941,news_media,secondary_reported,Details via Wikipedia '2023 Panamanian protests' summary citing this article; the article itself could not be fetched (site blocked). English paraphrase only.,COL_ECU_PAN
PS-0115,2023-11-30,2023,PAN,Federico Alfaro Boyd,Minister of Commerce and Industries of Panama,minister_cabinet,LatAm executive,PAN,PRD government,official_statement,Resignation after mining contract backlash,copper,260300;740200;740311,corruption_governance;labor_social_conflict,none,not_mentioned,not_mentioned,Cobre Panamá; Law 406,The trade minister who negotiated the First Quantum contract resigned following the backlash and the Supreme Court ruling.,,,en,Reuters,https://www.reuters.com/world/americas/panama-trade-minister-resigns-after-mining-contract-backlash-2023-11-30/,news_media,secondary_reported,Details via Wikipedia '2023 Panamanian protests' summary citing this article; the article itself could not be fetched (site blocked). Minister's full name from general knowledge; verify.,COL_ECU_PAN
PS-0116,2023-12-19,2023,CHL,Aurora Williams,Minister of Mining,minister_cabinet,LatAm executive,CHL,Partido Radical,legislative_debate,Chamber special session on National Lithium Strategy,lithium,253090;282520;283691,state_control_nationalization;environment_water,none,not_mentioned,not_mentioned,Codelco; Salar Blanco; Empresa Nacional del Litio,"Williams presented progress on the lithium strategy, including the strategic council on lithium and salt flats, the planned national lithium company and Codelco's acquisition of the Salar Blanco project.",visión de un Chile líder en la producción sostenible de litio,vision of a Chile leading sustainable lithium production,es,Cámara de Diputadas y Diputados,https://www.camara.cl/cms/2023/12/19/camara-analizo-estrategia-nacional-del-litio/,legislative_record,primary_verified,,CHL
PS-0117,2023-12-19,2023,CHL,Chamber of Deputies of Chile,Chamber of Deputies (plenary),legislature_body,LatAm legislature,CHL,,legislative_debate,Special session on National Lithium Strategy; Resolution 1161,lithium,253090;282520;283691,state_control_nationalization;energy_transition,none,not_mentioned,not_mentioned,Empresa Nacional del Litio; Codelco,"The Chamber approved Resolution 1161 supporting sustainable development of the lithium industry, whose resources belong to all Chileans, after a special session with the mining minister.",,,es,Cámara de Diputadas y Diputados,https://www.camara.cl/cms/2023/12/19/camara-analizo-estrategia-nacional-del-litio/,legislative_record,primary_verified,,CHL
PS-0118,2023-12-24,2023,ARG,Javier Milei,President of Argentina,head_of_state,LatAm executive,ARG,La Libertad Avanza,interview,TV interview with Mirtha Legrand,lithium,253090;282520;283691,foreign_investment,USA,not_mentioned,positive,Tesla,"Milei said Elon Musk is extremely interested in Argentine lithium, as are the US government and many companies, and argued Argentina needs a legal framework that respects property rights to attract them.",está sumamente interesado en el litio,he is extremely interested in lithium,es,Ámbito,https://www.ambito.com/politica/javier-milei-admitio-que-elon-musk-esta-interesado-el-litio-la-argentina-n5906635,news_media,secondary_reported,Quote refers to Elon Musk.,ARG
PS-0119,2024-01,2024,CHL,Mario Marcel,Minister of Finance,minister_cabinet,LatAm executive,CHL,Partido Socialista (ind.),legislative_debate,Special Senate session on Codelco-SQM agreement,lithium,253090;282520;283691,royalties_taxation;state_control_nationalization,none,not_mentioned,not_mentioned,Codelco; SQM,"At a special Senate session where senators questioned the lack of tender and SQM's record, Marcel explained that state revenue from the Codelco-SQM deal combines taxes, royalties and profit participation.","Una son los impuestos, otra es el royalty (minero), otra es la participación en los ingresos","One is taxes, another is the (mining) royalty, another is the share of revenue",es,Reporte Minero,https://www.reporteminero.cl/noticia/noticias/2024/01/senado-expresa-dudas-destino-ingresos-fiscales-alcances-acuerdos-codelco-sqm,news_media,secondary_reported,Exact day not given; January 2024,CHL
PS-0120,2024-01-19,2024,ARG,Flavia Royón,Secretary of Mining of Argentina,other_executive,LatAm executive,ARG,,interview,Bloomberg Línea interview early in Milei government,lithium;copper;mining_general,253090;260300;282520;283691;740200;740311,foreign_investment;value_added_industrialization;trade_deals_offtake,USA,not_mentioned,positive,RIGI; Inflation Reduction Act,"Royón said Argentina should pursue lithium, copper, gold and silver alike, that copper must be a national objective, that lithium industrialization matters but should not be exclusionary, and that talks with the State Department on Argentina's IRA inclusion continue.","Acá no es litio o cobre. Es el litio, cobre, oro, plata, todo.","Here it is not lithium or copper. It is lithium, copper, gold, silver, everything.",es,Bloomberg Línea,https://www.bloomberglinea.com/latinoamerica/argentina/que-se-espera-para-el-litio-y-el-cobre-con-milei-segun-flavia-royon/,news_media,secondary_reported,,ARG
PS-0121,2024-02-15,2024,PER,Rómulo Mucho,Minister of Energy and Mines of Peru,minister_cabinet,LatAm executive,PER,,interview,Debate over REINFO and illegal mining,mining_general,,corruption_governance;labor_social_conflict,none,not_mentioned,not_mentioned,REINFO,"Mucho said distortion of the REINFO formalization registry had enabled the expansion of illegal mining and that the registry needed review, excluding those not complying.",Por la distorsión del Reinfo han aparecido muchos que están trabajando en eso.,"Because of the distortion of Reinfo, many have appeared who are working in that.",es,Energiminas,https://energiminas.com/?p=14457,news_media,secondary_reported,,PER
PS-0122,2024-02-22,2024,BOL,Marcelino Quispe,Minister of Mining and Metallurgy,minister_cabinet,LatAm executive,BOL,Movimiento al Socialismo (MAS),official_statement,Announcement of zinc refineries in Potosí and Oruro,zinc;silver;copper,260300;260800;261610;710691;740200;740311,value_added_industrialization;processing_refining,none,not_mentioned,not_mentioned,,"Quispe confirmed plans for zinc refineries in Potosí (~US$400m) and Oruro (~US$350m), saying Bolivia now exports only zinc concentrates and refining would allow recovery of by-products such as indium, cadmium, silver and copper.",,,es,Reporte Minero,https://www.reporteminero.cl/noticia/noticias/2024/02/bolivia-confirma-refinerias-zinc-potosi-oruro,news_media,secondary_reported,Only paraphrase available.,BOL
PS-0123,2024-02-23,2024,ARG,Antony Blinken,U.S. Secretary of State,us_central_gov,United States,USA,Democratic (Biden administration),press_conference,"Blinken visit to Buenos Aires, meeting with President Milei",lithium;critical_minerals_general,253090;282520;283691,foreign_investment;financing_credit;diplomatic_relations,ARG,not_mentioned,positive,DFC; Minerals Security Partnership,"In Buenos Aires Blinken praised Milei's economic efforts and said Argentina has what the world needs, with the US exploring critical minerals investment, especially lithium, through the DFC and the Minerals Security Partnership.","We see extraordinary opportunity here in Argentina, but maybe most important, what's so evident is that Argentina has what the world actually needs","We see extraordinary opportunity here in Argentina, but maybe most important, what's so evident is that Argentina has what the world actually needs",en,Yahoo News (wire report),https://news.yahoo.com/blinken-meets-argentinas-milei-latest-154742936.html,news_media,secondary_reported,Date per Reuters URL (2024-02-23) cited by ISDP; quote 26 words.,USA_gov
PS-0124,2024-03-01,2024,CHL,Janet Yellen,U.S. Secretary of the Treasury,us_central_gov,United States,USA,Biden administration,speech,"Yellen visit to Chile (Santiago, Antofagasta Albemarle site)",copper;lithium,253090;260300;282520;283691;740200;740311,energy_transition;foreign_investment;trade_deals_offtake,CHL;CHN,neutral,positive,Albemarle,"Yellen said Chile, as a leading copper and lithium producer, has a critical role in clean energy supply chains and saw opportunities to further integrate US-Chile supply chains, part of friend-shoring.","As a leading producer of both copper and lithium, Chile has a critical role to play in the supply chains that will power our world's transition to clean energy.","As a leading producer of both copper and lithium, Chile has a critical role to play in the supply chains that will power our world's transition to clean energy.",en,Buenos Aires Times (Reuters/Bloomberg),https://www.batimes.com.ar/news/amp/economy/us-treasury-secretary-janet-yellen-praises-chiles-policies-in-visit-to-lithium-rich-ally.phtml,news_media,secondary_reported,,USA_gov
PS-0125,2024-03-02,2024,CHL,Janet Yellen,U.S. Secretary of the Treasury,us_central_gov,United States,USA,Biden administration,press_conference,"Visit to Albemarle lithium plant, La Negra (Antofagasta)",lithium;copper,253090;260300;282520;283691;740200;740311,trade_deals_offtake;energy_transition;environment_water;geopolitics_security,CHL;CHN,mixed,positive,Albemarle,"At Albemarle's plant Yellen said the US wants to acquire minerals from free-trade partners like Chile and expected US lithium purchases from Chile to expand substantially, while saying expanding trade with Chile is 'not a competition' with China, though reducing over-dependence on China is core to the IRA.","We want to certainly acquire minerals from our free trade partners, especially a country like Chile that is producing with great environmental sensitivity","We want to certainly acquire minerals from our free trade partners, especially a country like Chile that is producing with great environmental sensitivity",en,DT Next (Reuters),https://www.dtnext.in/news/business/yellen-sees-big-jump-in-us-imports-from-chile-eyes-progress-on-green-transition-771572,news_media,secondary_reported,,USA_gov
PS-0126,2024-03-04,2024,PAN,José W. Fernández,"U.S. Under Secretary of State for Economic Growth, Energy, and the Environment",us_central_gov,United States,USA,Biden administration,interview,Reuters interview on First Quantum's Cobre Panamá dispute,copper;critical_minerals_general,260300;740200;740311,environment_water;labor_social_conflict;sovereignty;geopolitics_security,PAN;CAN;CHN,neutral,positive,Cobre Panamá; First Quantum Minerals; Minerals Security Partnership,"Fernández said the future of the closed Cobre Panamá copper mine was for Panamanians to decide and that communities must be convinced they will benefit from mining, while promoting the US-led minerals partnership as an alternative to Chinese-dominated supply chains.","We have followed the case, and it is an issue for the Panamanian people to decide","We have followed the case, and it is an issue for the Panamanian people to decide",en,Kitco (Reuters),https://www.kitco.com/news/off-the-wire/2024-03-05/future-first-quantum-mine-people-panama-decide-us-official-says,news_media,secondary_reported,"Interview given late Monday 4 Mar 2024, published 5 Mar. China dominance point is reporter context; stance_china neutral.",USA_gov
PS-0127,2024-03-12,2024,PER,Laura Richardson,"Commander, U.S. Southern Command",us_central_gov,United States,USA,,legislative_debate,House Armed Services Committee posture hearing,mining_general,,geopolitics_security;infrastructure_ports,CHN,negative,not_mentioned,Puerto de Chancay; Cosco Shipping,"In testimony to the House Armed Services Committee, Richardson warned of the security risks of Chinese investments in South America, citing the Chancay megaport promoted by Beijing as a 'gateway from South America to Asia' among dual-use concerns.",gateway from South America to Asia,gateway from South America to Asia,en,USNI News,https://news.usni.org/2024/03/12/southcom-commander-warns-of-risk-of-chinese-investment-in-south-america-caribbean,news_media,secondary_reported,Port record; minerals relevance indirect (Chancay as mineral export hub). Quoted phrase is Beijing's characterization cited in her testimony,PER
PS-0128,2024-03-12,2024,PER,Mike Rogers,"U.S. Representative (R-AL), Chairman, House Armed Services Committee",us_congress,United States,USA,Republican,legislative_debate,HASC hearing on national security challenges in North and South America,copper;lithium;critical_minerals_general,253090;260300;282520;283691;740200;740311,geopolitics_security;infrastructure_ports,CHN;PER,negative,positive,Chancay port,"Rogers said China's $3.6 billion port in Peru would be used to ship South American copper, lithium and other critical minerals to China for military modernization, and that CCP-backed companies own or operate mines and ports across the region.","It will be used to ship South American copper, lithium, and other critical minerals to China to further their military modernization.","It will be used to ship South American copper, lithium, and other critical minerals to China to further their military modernization.",en,House Armed Services Committee,https://armedservices.house.gov/news/press-releases/rogers-opening-statement-hearing-national-security-challenges-north-and-south,legislative_record,primary_verified,,USA_gov
PS-0129,2024-03-12,2024,REG,Laura Richardson,"Commander, U.S. Southern Command",us_central_gov,United States,USA,U.S. Department of Defense,report,SOUTHCOM 2024 Posture Statement to Congress,lithium;rare_earths;mining_general,253090;282520;283691;284690,geopolitics_security;corruption_governance,none,not_mentioned,positive,,"SOUTHCOM's 2024 posture statement listed lithium, rare earths and minerals among goods trafficked by transnational criminal organizations in the hemisphere.","traffic weapons, drugs, people gold, lithium, rare earth, minerals, commodities and counterfeit goods","traffic weapons, drugs, people gold, lithium, rare earth, minerals, commodities and counterfeit goods",en,U.S. Southern Command,https://www.southcom.mil/Media/Special-Coverage/SOUTHCOMs-2024-Posture-Statement-to-Congress/,primary_official,primary_verified,,USA_gov
PS-0130,2024-04-10,2024,PER,Rómulo Mucho,Minister of Energy and Mines of Peru,minister_cabinet,LatAm executive,PER,,interview,Attack on Poderosa transmission towers; reactivating mining projects,mining_general,,foreign_investment;corruption_governance;geopolitics_security,none,not_mentioned,not_mentioned,Poderosa; REINFO,"Mucho said some congressmen radically oppose progress and job creation, pledged to reactivate mining projects, review REINFO, and called for declaring mining formalization an emergency.","existen congresistas que se oponen radicalmente al progreso, a la generación de puestos de trabajo","there are congressmen who radically oppose progress, the creation of jobs",es,Energiminas,https://energiminas.com/2024/04/10/ministro-romulo-mucho-existen-congresistas-que-se-oponen-radicalmente-al-progreso,news_media,secondary_reported,,PER
PS-0131,2024-05-16,2024,BRA,Romeu Zema,Governor of Minas Gerais,subnational_gov,LatAm executive,BRA,Novo,speech,"Vale do Lítio event at Nasdaq headquarters, New York",lithium,253090;282520;283691,foreign_investment;energy_transition,USA,not_mentioned,not_mentioned,Vale do Lítio; Sigma Lithium,"At a second Nasdaq event promoting the Lithium Valley, Zema pitched Minas Gerais to investors as a safe destination with stable rules, as Sigma Lithium reported its investments in the Jequitinhonha region.","nós temos um estado onde o seu investimento será feito de maneira segura, onde as regras são estáveis","we have a state where your investment will be made safely, where the rules are stable",pt,CNN Brasil,https://www.cnnbrasil.com.br/internacional/evento-na-nasdaq-mostra-avancos-do-vale-do-litio-em-minas-gerais/,news_media,secondary_reported,,BRA
PS-0132,2024-06,2024,ARG,Marcelo Orrego,Governor of San Juan,subnational_gov,LatAm executive,ARG,Producción y Trabajo / Juntos por el Cambio,interview,Reaction to Senate RIGI vote,mining_general,,foreign_investment,none,not_mentioned,not_mentioned,,"Orrego said he was surprised by Uñac's vote against the RIGI, arguing it went against San Juan's mining interests.","Me sorprendió el voto de Uñac contra el RIGI, va en contra de San Juan.",Uñac's vote against the RIGI surprised me; it goes against San Juan.,es,Tiempo de San Juan,https://www.tiempodesanjuan.com/politica/desde-el-gobierno-salen-criticar-unac-no-votar-bases-y-el-rigi-va-contra-san-juan-n377350,news_media,secondary_reported,Day approximate (mid-June 2024).,ARG
PS-0133,2024-06,2024,PER,Dina Boluarte,President of Peru,head_of_state,LatAm executive,PER,,speech,State visit to China; business forum in Shanghai,critical_minerals_general;mining_general,,foreign_investment;diplomatic_relations,CHN,positive,not_mentioned,,"At a business conference in Shanghai during her June 2024 state visit, Boluarte promoted Peru's mining potential, noting it holds eight of 17 critical minerals and that only 1.51% of its territory has been explored, and invited Chinese investors.",I invite you to invest in Peru and be part of our development.,I invite you to invest in Peru and be part of our development.,en,Peru Reports,https://perureports.com/?p=10479,news_media,secondary_reported,Visit 23-28 Jun 2024; exact day of Shanghai speech not given; quote in English translation,PER
PS-0134,2024-06-04,2024,CHL,Máximo Pacheco,Chairman of Codelco,state_company,LatAm state company,CHL,,speech,Defence of Codelco-SQM agreement amid criticism and Tianqi challenge,lithium,253090;282520;283691,foreign_investment;state_control_nationalization;indigenous_community_rights,CHN,neutral,not_mentioned,Codelco; SQM; Tianqi,"Pacheco defended the signed Codelco-SQM partnership as historic and the largest public-private partnership in Chile, after Tianqi argued the pact was not legally valid without shareholder approval.","Se firmó un documento histórico, con el cual se ha constituido la asociación público-privada más importante en la historia de Chile","A historic document was signed, establishing the most important public-private partnership in Chile's history",es,Radio Universidad de Chile,https://radio.uchile.cl/2024/06/04/maximo-pacheco-defiende-acuerdo-codelco-sqm-se-firmo-un-documento-historico/,news_media,secondary_reported,Remarks around Codelco public account (3-4 June 2024),CHL
PS-0135,2024-06-11,2024,ARG,Marcelo Orrego,Governor of San Juan,subnational_gov,LatAm executive,ARG,Producción y Trabajo / Juntos por el Cambio,interview,Interview on LN+ during Senate debate on Ley Bases/RIGI,copper;mining_general,260300;740200;740311,foreign_investment,CHL;PER,not_mentioned,not_mentioned,,"Orrego backed the Ley Bases and RIGI, saying it would improve mining investment and noting San Juan's share of Andean copper remains unexploited unlike Chile and Peru.","Tenemos el 40% del cobre entre Chile, Perú y Argentina, y nosotros somos los únicos que no lo explotamos","We have 40% of the copper among Chile, Peru and Argentina, and we are the only ones who don't exploit it",es,Tiempo de San Juan,https://www.tiempodesanjuan.com/politica/marcelo-orrego-apoyo-la-ley-bases-television-nacional-y-pidio-la-aprobacion-del-rigi-n377233,news_media,secondary_reported,,ARG
PS-0136,2024-06-11,2024,BOL,Luis Arce,President of Bolivia,head_of_state,LatAm executive,BOL,Movimiento al Socialismo (MAS),press_conference,"After meeting Vladimir Putin, St Petersburg International Economic Forum",lithium,253090;282520;283691,foreign_investment;diplomatic_relations;value_added_industrialization,RUS,not_mentioned,not_mentioned,YLB; Uranium One Group; Rosatom,"Arce said he and Putin agreed that Uranium One's lithium extraction project in Bolivia must start operating in 2025, alongside the El Alto nuclear research centre.",tiene que entrar en operación en la gestión 2025,it has to enter into operation in 2025,es,Los Tiempos,https://www.lostiempos.com/actualidad/pais/20240611/arce-putin-acuerdan-que-proyectos-conjuntos-litio-nuclear-bolivia-operen,news_media,secondary_reported,,BOL
PS-0137,2024-06-12,2024,ARG,Sergio Uñac,Senator for San Juan,legislator,LatAm legislature,ARG,Unión por la Patria (PJ),legislative_debate,Senate vote on Ley Bases / RIGI,mining_general,,foreign_investment;value_added_industrialization,none,not_mentioned,not_mentioned,,"Uñac voted against the RIGI, calling it a law made for big capital that favors imports against local industry.",ley hecha para los grandes capitales,law made for big capital,es,Tiempo de San Juan,https://www.tiempodesanjuan.com/politica/desde-el-gobierno-salen-criticar-unac-no-votar-bases-y-el-rigi-va-contra-san-juan-n377350,news_media,secondary_reported,Date = Senate vote night (12-13 June 2024).,ARG
PS-0138,2024-06-21,2024,MEX,Ganfeng Lithium,Chinese lithium company,other,China,CHN,,official_statement,ICSID arbitration filing against Mexico,lithium,253090;282520;283691,foreign_investment;state_control_nationalization;diplomatic_relations,CHN;GBR,not_mentioned,not_mentioned,Ganfeng Lithium;Bacanora Lithium;Sonora Lithium;ICSID,"Ganfeng and its UK subsidiaries filed an ICSID claim against Mexico over the August 2023 cancellation of nine lithium concessions in Sonora, invoking the Mexico-China and Mexico-UK investment treaties.",,,es,Bloomberg Línea,https://www.bloomberglinea.com/latinoamerica/mexico/minera-china-ganfeng-demanda-a-mexico-por-cancelar-concesiones-de-litio/,news_media,secondary_reported,Corporate act; stance fields not applicable.,MEX
PS-0139,2024-06-27,2024,MEX,Andrés Manuel López Obrador,President of Mexico,head_of_state,LatAm executive,MEX,Morena,press_conference,Response to Ganfeng ICSID arbitration filing,lithium,253090;282520;283691,state_control_nationalization;foreign_investment;diplomatic_relations,CHN,mixed,not_mentioned,Ganfeng Lithium;Bacanora Lithium;ICSID,"AMLO said Mexico would seek a negotiated deal with Ganfeng after its ICSID arbitration claim, while maintaining that the earlier concessions were generic mining concessions not applicable to lithium.","Sí puede llevarse a cabo alguna asociación, pero con el predominio del interés nacional, en el caso del litio.","Some association can take place, but with the predominance of the national interest, in the case of lithium.",es,Mining.com (Reuters),https://www.mining.com/mexico-to-seek-deal-over-disputed-mining-concession-with-ganfeng/,news_media,secondary_reported,Quote from Xataka México report of the same mañanera: https://www.xataka.com.mx/automovil/amlo-aclara-litio-concesiones-canceladas-mineral-sera-defendido-china,MEX
PS-0140,2024-06-27,2024,MEX,Raquel Buenrostro,Secretary of Economy of Mexico,minister_cabinet,LatAm executive,MEX,Morena,interview,Response to Ganfeng ICSID claim,lithium,253090;282520;283691,state_control_nationalization;foreign_investment,CHN;GBR,negative,not_mentioned,Ganfeng Lithium;Bacanora Lithium;ICSID,"Buenrostro said Ganfeng's arbitration claim lacked merit and Mexico would win, though such cases take many years.",Nosotros creemos que no tienen elementos. Vamos a ganar,We believe they have no grounds. We are going to win,es,Bloomberg Línea,https://www.bloomberglinea.com/latinoamerica/mexico/exclusiva-demanda-de-minera-china-ganfeng-por-litio-carece-de-elementos-dice-buenrostro/,news_media,secondary_reported,Stance coded toward the Chinese company's claim.,MEX
PS-0141,2024-06-28,2024,PER,Li Qiang,Premier of the State Council of the PRC,china_central_gov,China,CHN,CCP,official_statement,Meeting with President Dina Boluarte during her state visit to Beijing,mining_general,,infrastructure_ports;trade_deals_offtake;diplomatic_relations,PER,positive,not_mentioned,,"According to China's readout, Premier Li Qiang told Dina Boluarte that the two sides should keep expanding trade and deepen cooperation in traditional areas such as mining, electricity, ports and infrastructure.","continue to expand trade, deepen cooperation in traditional areas such as mining, electricity, ports and infrastructure","continue to expand trade, deepen cooperation in traditional areas such as mining, electricity, ports and infrastructure",en,Ministry of Foreign Affairs of the PRC,https://www.fmprc.gov.cn/mfa_eng/xw/zyxw/202407/t20240705_11448612.html,primary_official,primary_verified,Premier coded china_central_gov (no head-of-government category).,CHN_gov
PS-0142,2024-06-28,2024,PER,Xi Jinping,President of the People's Republic of China,head_of_state,China,CHN,CCP,official_statement,Talks with President Dina Boluarte during her state visit to Beijing,mining_general,,infrastructure_ports;foreign_investment;diplomatic_relations,PER,positive,not_mentioned,Chancay Port,"In China's official readout of talks with Dina Boluarte in Beijing, Xi said the two countries should coordinate and advance cooperation in mining, energy, manufacturing and agriculture. He also urged completion of the Chancay port to build a new land-sea route between China and Latin America.","coordinate and advance cooperation in such fields as mining, energy, manufacturing and agriculture","coordinate and advance cooperation in such fields as mining, energy, manufacturing and agriculture",en,Ministry of Foreign Affairs of the PRC,https://www.fmprc.gov.cn/eng/xw/zyxw/202407/t20240712_11453074.html,primary_official,primary_verified,MFA English readout; page URL dated July but talks held 28 June 2024.,CHN_gov
PS-0143,2024-07-28,2024,PER,Dina Boluarte,President of Peru,head_of_state,LatAm executive,PER,,speech,Independence Day message to the nation,copper,260300;740200;740311,foreign_investment;royalties_taxation;labor_social_conflict,none,not_mentioned,not_mentioned,Tía María; Southern Copper,"In her 28 July address, Boluarte rejected claims that Tía María is being imposed, attributing them to small ideologized sectors, and highlighted expected canon/royalty revenue and jobs for Arequipa.","Tía María no constituye un proyecto impuesto, eso es una falsa narrativa enarbolada por reducidos sectores ideologizados",Tía María is not an imposed project; that is a false narrative raised by small ideologized sectors,es,El Búho,https://elbuho.pe/?p=353963,news_media,secondary_reported,,PER
PS-0144,2024-08-01,2024,PER,José Arista,Minister of Economy and Finance of Peru,minister_cabinet,LatAm executive,PER,,interview,Push to unlock stalled mining projects,copper,260300;740200;740311,foreign_investment,none,not_mentioned,not_mentioned,Tía María; Michiquillay; La Granja; Galeno,"Arista expressed support for mining and said Tía María must go ahead, along with Cajamarca copper projects like Michiquillay, La Granja and Galeno.",Nuestro apoyo a la actividad minera. Tía María tiene que salir,Our support for mining activity. Tía María has to go ahead,es,ProActivo,https://proactivo.com.pe/ministro-arista-tia-maria-tiene-que-salir,news_media,secondary_reported,,PER
PS-0145,2024-08-21,2024,ARG,José W. Fernández,"U.S. Under Secretary of State for Economic Growth, Energy, and the Environment",us_central_gov,United States,USA,Biden administration,interview,Visit to Argentina; Argentina joining Minerals Security Partnership,lithium;copper;critical_minerals_general,253090;260300;282520;283691;740200;740311,foreign_investment;geopolitics_security;environment_water,ARG;CHN;EU,negative,positive,Minerals Security Partnership,"Fernández said joining the MSP would let Argentina pitch mining projects to 14 countries and the EU at once, seeking investments that benefit communities and respect national laws, as part of diversifying supply chains away from China.",It's a way for Argentina to literally make pitches to 14 countries and the EU in one fell swoop.,It's a way for Argentina to literally make pitches to 14 countries and the EU in one fell swoop.,en,South China Morning Post (Reuters),https://www.scmp.com/news/world/united-states-canada/article/3275383/argentina-join-us-minerals-partnership-diversify-supply-chains-away-china,news_media,secondary_reported,stance_china inferred from stated purpose,USA_gov
PS-0146,2024-08-23,2024,ARG,Government of Argentina and Government of the United States,Signed by Foreign Minister Diana Mondino and US Under Secretary José W. Fernández,minister_cabinet,LatAm executive,ARG,,joint_declaration_or_mou,"Argentina-US MoU on critical minerals, Buenos Aires",lithium;critical_minerals_general,253090;282520;283691,foreign_investment;processing_refining;energy_transition;financing_credit,USA,not_mentioned,positive,,"Argentina and the US signed an MoU to deepen cooperation on critical minerals, promoting investment in exploration, extraction, processing, refining and recycling and identifying co-financing opportunities, with Argentina linked to the Minerals Security Partnership.","By signing this Memorandum, the United States and Argentina are advancing their shared interest in supporting the energy transition and deploying clean energy technologies","By signing this Memorandum, the United States and Argentina are advancing their shared interest in supporting the energy transition and deploying clean energy technologies",en,Buenos Aires Times,https://batimes.com.ar/news/economy/argentina-united-states-ink-accord-for-cooperation-on-critical-minerals.phtml,news_media,secondary_reported,"Quote is from US statement; Argentina collaborates with, but did not formally join, the MSP per Bloomberg Línea correction.",ARG
PS-0147,2024-08-23,2024,ARG,José W. Fernández,"U.S. Under Secretary of State for Economic Growth, Energy, and the Environment",us_central_gov,United States,USA,Biden administration,joint_declaration_or_mou,US-Argentina critical minerals MoU signing / MSP Forum Buenos Aires,critical_minerals_general;lithium,253090;282520;283691,energy_transition;foreign_investment;processing_refining;financing_credit,ARG,not_mentioned,positive,Minerals Security Partnership,"Fernández and FM Diana Mondino signed an MoU to promote trade and investment in exploration, extraction, processing, refining and recycling of critical minerals; the US said it advances shared interest in the energy transition.","By signing this Memorandum, the United States and Argentina are advancing their shared interest in supporting the energy transition and deploying clean energy technologies.","By signing this Memorandum, the United States and Argentina are advancing their shared interest in supporting the energy transition and deploying clean energy technologies.",en,Buenos Aires Times,https://batimes.com.ar/news/economy/argentina-united-states-ink-accord-for-cooperation-on-critical-minerals.phtml,news_media,secondary_reported,,USA_gov
PS-0148,2024-09-27,2024,ECU,Minerals Security Partnership (co-chaired by U.S. Department of State),US-led multilateral minerals partnership; U.S. co-chair Under Sec. José W. Fernández,us_central_gov,United States,USA,Biden administration,official_statement,"MSP Forum ministerial, UNGA week New York",critical_minerals_general,,foreign_investment;diplomatic_relations,ECU;EU;other,not_mentioned,positive,Minerals Security Partnership Forum,"The US and EU welcomed seven new members to the MSP Forum, including Ecuador and the Dominican Republic, at a meeting co-chaired by US Under Secretary Fernández.",,,en,European Commission DG Trade,https://policy.trade.ec.europa.eu/news/eu-and-us-welcome-new-members-minerals-security-partnership-2024-09-27_pt,primary_official,primary_verified,,USA_gov
PS-0149,2024-09-30,2024,ARG,Javier Milei,President of Argentina,head_of_state,LatAm executive,ARG,La Libertad Avanza,interview,TV interview with Susana Giménez,critical_minerals_general,,diplomatic_relations;trade_deals_offtake,CHN,positive,not_mentioned,,"Milei called China a very interesting trade partner that demands nothing, said a meeting with the Chinese ambassador unblocked the currency swap, and confirmed a planned trip to China, marking a reversal from his campaign stance.","China es un socio comercial muy interesante. No exigen nada, lo único que piden es que no los molesten",China is a very interesting trade partner. They demand nothing; the only thing they ask is not to be bothered,es,La Capital (Rosario),https://www.lacapital.com.ar/economia/javier-milei-y-el-sorpresivo-romance-china-no-exige-nada-n10156237.html,news_media,secondary_reported,"General China stance, not mineral-specific; included per scope on Milei's China shift.",ARG
PS-0150,2024-10-08,2024,MEX,Claudia Sheinbaum,President of Mexico,head_of_state,LatAm executive,MEX,Morena,press_conference,Mañanera on lithium technology and Plan Sonora,lithium,253090;282520;283691,value_added_industrialization;state_control_nationalization;technology_transfer,ARG,not_mentioned,not_mentioned,LitioMx;Plan Sonora;IMP;CAF,"Sheinbaum said Mexico's lithium has unique characteristics, mainly in Sonora clays, and that the goal is to use domestically developed technology to extract it and keep the whole production chain in Mexico rather than export it.",Our goal is to implement this technology to extract lithium and establish the entire production chain within Mexico rather than exporting it.,Our goal is to implement this technology to extract lithium and establish the entire production chain within Mexico rather than exporting it.,en,Mexico Business News,https://mexicobusiness.news/mining/news/sheinbaums-administration-develop-lithium-production-chain,news_media,secondary_reported,Quote is MBN English translation of Spanish original; statement date approximate (article date).,MEX
PS-0151,2024-11,2024,BRA,Indústrias Nucleares do Brasil (INB),State nuclear company,state_company,LatAm state company,BRA,,official_statement,Sale of Mineração Taboca (Pitinga mine) to China's CNMC,tin;niobium;tantalum;rare_earths,261590;284690;720293;800110,state_control_nationalization;foreign_investment;sovereignty,CHN,neutral,not_mentioned,Mineração Taboca; Pitinga; CNMC; Minsur,"After Chinese state-owned CNMC agreed to buy Mineração Taboca for US$340m, INB stated the uranium in the Pitinga ore goes to tailings and that any uranium in Brazil is an INB monopoly requiring government authorisation.",,,pt,Poder360,https://www.poder360.com.br/poder-infra/mineracao-taboca-e-vendida-para-a-chinesa-cnmc-por-us-340-milhoes/,news_media,secondary_reported,Article dated 28 Nov 2024,BRA
PS-0152,2024-11-08,2024,PER,Elmer Schialer,Minister of Foreign Affairs of Peru,minister_cabinet,LatAm executive,PER,,interview,Ahead of Xi Jinping's APEC state visit and FTA upgrade signing,mining_general,,trade_deals_offtake;infrastructure_ports;foreign_investment,CHN,positive,not_mentioned,Puerto de Chancay,"Ahead of Xi's visit, Schialer said the upgraded FTA with China, Peru's main trading partner, would boost trade dynamism and that Chancay would take Peru's trade to another level, citing a US$54 billion mining portfolio and China's interest in infrastructure.",The port will launch Peru to another level of trade,The port will launch Peru to another level of trade,en,Reuters via bilaterals.org,https://bilaterals.org/peru-and-china-to-sign,news_media,secondary_reported,Date approximate (8-9 Nov 2024); English translation of interview,PER
PS-0153,2024-11-14,2024,PER,Xi Jinping,President of the People's Republic of China,head_of_state,China,CHN,CCP,official_statement,"Arrival statement at Callao Air Base, Lima; state visit and APEC 2024",mining_general,,infrastructure_ports;foreign_investment;diplomatic_relations,PER,positive,not_mentioned,Chancay Port,"In his written arrival statement in Lima, Xi said major cooperation projects in mining and infrastructure had made steady progress, noted China had been Peru's largest trading partner for ten years, and said he would attend the Chancay port inauguration with Boluarte.",steady progress has been made on major cooperation projects in fields such as mining and infrastructure construction,steady progress has been made on major cooperation projects in fields such as mining and infrastructure construction,en,Ministry of Foreign Affairs of the PRC,https://www.mfa.gov.cn/eng/xw/zyxw/202411/t20241118_11528090.html,primary_official,primary_verified,Arrival date 14 Nov 2024 (Lima local time).,CHN_gov
PS-0154,2024-11-14,2024,PER,Xi Jinping,President of the People's Republic of China,head_of_state,China,CHN,CCP,op_ed,Signed article in Peruvian media ahead of state visit and APEC Lima 2024,copper;mining_general,260300;740200;740311,foreign_investment;infrastructure_ports;diplomatic_relations,PER,positive,not_mentioned,Las Bambas; MMG; Chancay Port,"In a signed article titled 'China-Peru Friendship: Setting Sail Toward an Even Brighter Future', Xi cited the Chinese-invested Las Bambas copper mine as contributing about 1% of Peru's GDP and creating tens of thousands of jobs, and said Chancay port's first phase would cut shipping time to China to 23 days.","The Las Bambas copper mine, a project with investment from Chinese enterprises, contributes to about 1 percent of Peru's GDP, creating tens of thousands of job opportunities.","The Las Bambas copper mine, a project with investment from Chinese enterprises, contributes to about 1 percent of Peru's GDP, creating tens of thousands of job opportunities.",en,Ministry of Foreign Affairs of the PRC,https://www.mfa.gov.cn/eng/xw/zyxw/202411/t20241114_11526463.html,primary_official,primary_verified,"Published in Peruvian newspaper El Peruano (per MFA); date per MFA posting, print date may be 13 Nov. Las Bambas is operated by MMG.",CHN_gov
PS-0155,2024-11-14,2024,PER,Xi Jinping,President of the People's Republic of China,head_of_state,China,CHN,CCP,official_statement,"Talks with President Dina Boluarte at Government Palace, Lima; state visit / APEC 2024",mining_general,,infrastructure_ports;energy_transition;diplomatic_relations,PER,positive,not_mentioned,Chancay Port,"In China's readout of talks in Lima, Xi said both sides should promote cooperation in traditional areas such as minerals and energy, infrastructure and transport, and proposed developing a China-Latin America land-sea corridor starting from Chancay port.","Both sides should promote cooperation in traditional areas such as minerals and energy, infrastructure, and transportation.","Both sides should promote cooperation in traditional areas such as minerals and energy, infrastructure, and transportation.",en,Ministry of Foreign Affairs of the PRC,https://www.fmprc.gov.cn/eng/xw/zyxw/202411/t20241118_11528098.html,primary_official,primary_verified,Distinct from the joint statement record (2024-11-15) and the Chancay inauguration record in PER.jsonl. Quote as rendered by the fetch tool; check exact MFA English wording.,CHN_gov
PS-0156,2024-11-15,2024,PER,Dina Boluarte,President of Peru,head_of_state,LatAm executive,PER,,speech,Chancay port inauguration with Xi Jinping,mining_general,,infrastructure_ports;diplomatic_relations,CHN,positive,not_mentioned,Puerto de Chancay; Cosco Shipping,Boluarte described Chancay as a magnificent project jointly built by Peru and China and a crucial step toward Peru becoming an international shipping and trade center.,,,es,Ministry of Foreign Affairs of the PRC,https://www.fmprc.gov.cn/eng/xw/zyxw/202411/t20241116_11527528.html,primary_official,primary_verified,"Only Chinese MFA English rendering seen, so quote fields left empty; port record",PER
PS-0157,2024-11-15,2024,PER,Xi Jinping,President of the People's Republic of China,head_of_state,China,CHN,CCP,joint_declaration_or_mou,State visit to Peru / APEC Lima 2024; joint statement with President Dina Boluarte,mining_general,,infrastructure_ports;foreign_investment;diplomatic_relations,PER,positive,not_mentioned,Chancay Port,"The China-Peru joint statement on deepening the comprehensive strategic partnership says cooperation will deepen in strategic sectors such as infrastructure, energy and mining, lists minerals among key cooperation areas under the Belt and Road framework, and congratulates the opening of Chancay port.",这将深化双方在基础设施、能源和矿业等战略领域的合作关系。,"This will deepen the two sides' cooperation in strategic fields such as infrastructure, energy and mining.",zh,Ministry of Foreign Affairs of the PRC,https://www.mfa.gov.cn/web/ziliao_674904/1179_674909/202412/t20241218_11497859.shtml,primary_official,primary_verified,Joint statement of Xi and Boluarte dated 2024-11-15; posted on MFA site 2024-12-18; also in People's Daily 2024-11-16.,CHN_gov
PS-0158,2024-11-15,2024,PER,Xi Jinping,President of the People's Republic of China,china_central_gov,China,CHN,CCP,speech,"Chancay port inauguration by video link, Lima state visit / APEC 2024",mining_general,,infrastructure_ports;diplomatic_relations,CHN,positive,not_mentioned,Puerto de Chancay; Cosco Shipping; Belt and Road Initiative,"Xi, inaugurating Chancay with Boluarte by video link, called it South America's first smart, green port and the start of a new-era 'Inca Trail', presenting it as Belt and Road success in Peru.","From Chancay to Shanghai, the Belt and Road Initiative is bearing fruit in Peru before our eyes.","From Chancay to Shanghai, the Belt and Road Initiative is bearing fruit in Peru before our eyes.",en,Ministry of Foreign Affairs of the PRC,https://www.fmprc.gov.cn/eng/xw/zyxw/202411/t20241116_11527528.html,primary_official,primary_verified,"Official English translation; port record, minerals relevance indirect",PER
PS-0159,2024-11-18,2024,PER,Desilú León,Minister of Foreign Trade and Tourism of Peru,minister_cabinet,LatAm executive,PER,,press_conference,Response to Claver-Carone 60% tariff proposal on Chancay,mining_general,,tariffs_trade_policy;infrastructure_ports;foreign_investment,USA;CHN;BRA,neutral,neutral,Puerto de Chancay,"León downplayed the proposed US tariff, saying the US was invited to use Chancay but was not necessarily among its users, and that many countries saw an opportunity; ministers pointed to US$50 billion in mining projects open to US investment.","Estados Unidos, si bien está invitado a poder usar el Megapuerto Chancay, no necesariamente es uno de los países que lo va a usar.","The United States, although invited to use the Chancay Megaport, is not necessarily one of the countries that will use it.",es,Peru Retail,https://www.peru-retail.com/megapuerto-de-chancay-ministros-responden-a-propuesta-de-asesor-de-trump-sobre-aranceles-de-60/,news_media,secondary_reported,,PER
PS-0160,2024-11-18,2024,PER,Mauricio Claver-Carone,Incoming Special Envoy for Latin America (Trump transition),us_central_gov,United States,USA,Republican,interview,Reaction to Chancay port inauguration,mining_general,,tariffs_trade_policy;geopolitics_security;infrastructure_ports,CHN;PER,negative,not_mentioned,Puerto de Chancay; Cosco Shipping,"Claver-Carone proposed that any product transiting Chancay or other Chinese-owned or controlled ports in the region face a 60% tariff as if it were Chinese, to prevent transshipment.",Any product passing through Chancay or any Chinese-owned or controlled port in the region should be subject to a 60% tariff as if the product were from China.,Any product passing through Chancay or any Chinese-owned or controlled port in the region should be subject to a 60% tariff as if the product were from China.,en,FreshFruitPortal,https://www.freshfruitportal.com/news/2024/11/19/trump-advisor-proposes-tariffs-on-products-passing-through-new-chinese-built-peruvian-port/,news_media,secondary_reported,Role: had been named/advised Trump transition; formally appointed envoy later. Quote may be translated from Spanish-language interview,PER
PS-0161,2024-11-19,2024,BRA,Joe Biden,President of the United States,head_of_state,United States,USA,Democratic,official_statement,"Biden-Lula meeting, G20 Rio de Janeiro; launch of Brazil-U.S. Partnership for the Energy Transition",critical_minerals_general,,energy_transition;diplomatic_relations,BRA,not_mentioned,positive,Brazil-U.S. Partnership for the Energy Transition,"White House readout said Biden and Lula launched a partnership for the energy transition aiming, among other things, to expand energy and mineral supply chain development.",expand energy and mineral supply chain development,expand energy and mineral supply chain development,en,The White House (Biden archive),https://bidenwhitehouse.archives.gov/briefing-room/statements-releases/2024/11/19/readout-of-president-joe-bidens-meeting-with-president-luiz-inacio-lula-da-silva-of-brazil/,primary_official,primary_verified,,USA_gov
PS-0162,2024-11-20,2024,BRA,National Development and Reform Commission (NDRC),Chinese central government planning agency,china_central_gov,China,CHN,,joint_declaration_or_mou,"Xi Jinping state visit to Brazil (Brasilia), list of 38 cooperation documents",mining_general,,environment_water;foreign_investment;diplomatic_relations,BRA,positive,not_mentioned,Ministério de Minas e Energia (Brazil),"Among the 38 documents signed during Xi Jinping's state visit to Brazil, China's NDRC and Brazil's Ministry of Mines and Energy signed a memorandum of understanding on cooperation in sustainable mining development. The MFA's outcome list gives only the title, not the text.",关于开展矿业可持续发展合作的谅解备忘录,Memorandum of understanding on carrying out cooperation in sustainable mining development,zh,Ministry of Foreign Affairs of the PRC,https://www.mfa.gov.cn/web/zyxw/202412/t20241218_11497507.shtml,primary_official,primary_verified,Item 2 of 'List of outcome documents of President Xi Jinping's state visit to Brazil' (dated 2024-11-21; signing 2024-11-20). Also printed in People's Daily 2024-11-22. Quote is the MoU title only; MoU text not seen.,CHN_gov
PS-0163,2024-11-26,2024,MEX,Óscar Ocampo,"Energy and Environment Coordinator, IMCO",other,"Other (business, civil society, third countries)",MEX,,report,Analysis of LitioMx 2025 budget,lithium,253090;282520;283691,state_control_nationalization;financing_credit,none,not_mentioned,not_mentioned,LitioMx,IMCO's Ocampo said that although LitioMx's proposed 2025 funding rose about 31.6% it remained insufficient to develop lithium projects.,,,en,Mexico Business News,https://mexicobusiness.news/mining/news/2025-pef-funding-litiomx-remains-insufficient,news_media,secondary_reported,"Think tank actor; quote attribution in article unclear, so paraphrased.",MEX
PS-0164,2024-11-27,2024,ARG,Carlos Sadir,Governor of Jujuy,subnational_gov,LatAm executive,ARG,UCR,speech,"Cumbre de Minería Sostenible 2024, Mendoza",lithium,253090;282520;283691,indigenous_community_rights;energy_transition;infrastructure_ports,none,not_mentioned,not_mentioned,Minera Exar; Cauchari solar plant; Corredor Bioceánico Capricornio,"Sadir said Jujuy's two lithium producers would reach about 50,000 tonnes that year but must produce more, highlighting clean energy use and that communities must grow alongside mining projects.","dos empresas produciendo litio, las que este año alcanzarán un volumen aproximado a las 50.000 toneladas, pero hay que producir más","two companies producing lithium, which this year will reach roughly 50,000 tonnes, but we must produce more",es,TodoJujuy,https://www.todojujuy.com/carlos-sadirreafirmo-mendoza-el-compromiso-del-modelo-jujeno-mineria-n261459,news_media,secondary_reported,,ARG
PS-0165,2024-11-29,2024,PER,Congress of the Republic of Peru,Plenary of Congress,legislature_body,LatAm legislature,PER,,legislative_debate,Vote extending REINFO informal mining registry to 30 Jun 2025,mining_general,,corruption_governance;labor_social_conflict,none,not_mentioned,not_mentioned,REINFO,"After 12 days of blockades by informal miners, the plenary approved with 87 votes a six-month REINFO extension to 30 June 2025, extendable another six months by supreme decree; the text was presented by Energy and Mines Commission chair Paul Gutiérrez.",,,es,El Búho,https://elbuho.pe/2024/11/congreso-aprueba-ampliar-el-reinfo-por-seis-meses/,news_media,secondary_reported,,PER
PS-0166,2024-12-09,2024,BOL,Teresa Morales,Former Minister (Morales government); evista MAS faction,other,"Other (business, civil society, third countries)",BOL,MAS (evista faction),press_conference,Announcement of responsibility trial against Arce over lithium contracts,lithium,253090;282520;283691,corruption_governance;sovereignty,RUS,not_mentioned,not_mentioned,Uranium One Group; YLB,"Former ministers Teresa Morales and Wilma Alanoca announced a responsibility trial against President Arce for 'treason', alleging the Uranium One contract violated the Constitution and its cost rose from US$450m to US$976m without justification.",,,es,EJU.tv,https://eju.tv/?p=4445411,news_media,secondary_reported,Only paraphrase/translated fragments available.,BOL
PS-0167,2024-12-14,2024,PER,Congress of the Republic of Peru,Plenary of Congress,legislature_body,LatAm legislature,PER,,bill_or_law,Framework law on Private Special Economic Zones (ZEEP),mining_general,,foreign_investment;value_added_industrialization;royalties_taxation;infrastructure_ports,none,not_mentioned,not_mentioned,Puerto de Chancay; ZEEP,"Congress approved (80-15-5) a framework law for private special economic zones with a 0% income tax for five years then graduated rates, aimed at value-added exports; a separate proposal to create zones in Chancay, Ancón and Iñapari failed to win enough votes.",,,es,Peru Retail,https://www.peru-retail.com/congreso-establece-ley-marco-para-la-creacion-de-zonas-economicas-especiales-privadas/,news_media,secondary_reported,Minerals relevance indirect (industrial/processing zones near Chancay); enacted as Ley 32449 per congress.gob.pe,PER
PS-0168,2024-12-23,2024,MEX,Marcelo Ebrard,Secretary of Economy of Mexico,minister_cabinet,LatAm executive,MEX,Morena,press_conference,Plan Sonora progress with US support,lithium,253090;282520;283691,value_added_industrialization;foreign_investment;energy_transition,USA,not_mentioned,positive,Plan Sonora;LitioMx;Pemex;University of Arizona,"Ebrard said the Economy Ministry was facilitating agreements to speed up Mexico's lithium production on Sheinbaum's instruction, describing Plan Sonora as jointly designed with the United States around electromobility and semiconductors.","The Ministry of Economy is facilitating the necessary agreements, and President Sheinbaum's directive is to expedite Mexico's lithium production","The Ministry of Economy is facilitating the necessary agreements, and President Sheinbaum's directive is to expedite Mexico's lithium production",en,Mexico Business News,https://mexicobusiness.news/mining/news/sonora-plan-advance-2025-us-support-ebrard,news_media,secondary_reported,Quote is MBN English translation; date approximate (article date).,MEX
PS-0169,2025-02,2025,BOL,Dmitry Verchenko,Russian Ambassador to Bolivia,other,"Other (business, civil society, third countries)",RUS,,interview,Statement to local media on Uranium One contract,lithium,253090;282520;283691,foreign_investment;diplomatic_relations,RUS,not_mentioned,not_mentioned,Uranium One Group,The Russian ambassador said Moscow expected prompt legislative approval of Uranium One's lithium contract.,,,es,Bloomberg Línea,https://www.bloomberglinea.com/latinoamerica/bolivia/el-nuevo-gobierno-de-bolivia-quiere-reescribir-las-reglas-del-litio-en-plena-crisis-economica/,news_media,secondary_reported,"Reported indirectly in Nov 2025 article ('February statement'); exact date unknown; no Russian embassy category in codebook, coded 'other'.",BOL
PS-0170,2025-02,2025,BOL,Donny Alí,"Community leader, Río Grande (Potosí)",other,"Other (business, civil society, third countries)",BOL,,interview,Mongabay report on lithium contracts,lithium,253090;282520;283691,environment_water;indigenous_community_rights,none,not_mentioned,not_mentioned,Salar de Uyuni,A Río Grande community leader warned that over-exploitation of brine under the new contracts would leave communities practically without water.,Una sobreexplotación nos dejaría prácticamente sin agua,Over-exploitation would leave us practically without water,es,Mongabay Latam,https://es.mongabay.com/2025/02/litio-bolivia-contratos-empresas-de-china-rusia/,news_media,secondary_reported,Exact day unknown.,BOL
PS-0171,2025-02,2025,BOL,Omar Alarcón,President of YLB,state_company,LatAm state company,BOL,YLB,interview,Mongabay report on CBC/Uranium One contracts and water concerns,lithium,253090;282520;283691,environment_water,CHN;RUS,not_mentioned,not_mentioned,YLB; CBC; Uranium One Group,"Alarcón said an environmental impact assessment would be carried out once the contracts are approved, as communities warned of water over-exploitation.","Al inicio, una vez que se tenga aprobado el contrato, vamos a tener una evaluación de impacto ambiental","At the start, once the contract is approved, we will have an environmental impact assessment",es,Mongabay Latam,https://es.mongabay.com/2025/02/litio-bolivia-contratos-empresas-de-china-rusia/,news_media,secondary_reported,Exact day in Feb 2025 unknown.,BOL
PS-0172,2025-02-05,2025,BOL,Omar Alarcón,President of YLB,state_company,LatAm state company,BOL,YLB,official_statement,Legislative review of CBC and Uranium One contracts,lithium,253090;282520;283691,foreign_investment;value_added_industrialization,CHN;RUS,positive,not_mentioned,YLB; CBC; Uranium One Group,"YLB's president urged legislators to approve both lithium contracts to develop a large-scale industry, projecting about US$19bn in revenue from the CBC contract alone, amid civil-society objections.",desarrollar una industria a gran escala,develop a large-scale industry,es,Correo del Sur,https://correodelsur.com/economia/20250205/litio-mas-observaciones-apuntan-a-contrato-con-la-rusa-uranium-one.html,news_media,secondary_reported,,BOL
PS-0173,2025-02-11,2025,BOL,Freddy Soto,"President of District 2, Potosí (civic leader)",other,"Other (business, civil society, third countries)",BOL,,interview,Potosí protest demanding lithium royalties and contract transparency,lithium,253090;282520;283691,royalties_taxation;corruption_governance;labor_social_conflict,CHN;RUS,not_mentioned,not_mentioned,CBC; Uranium One Group; Comcipo,Potosí protesters demanded at least 12% participation in lithium benefits and suspension of the CBC and Uranium One contracts until community demands are met.,"El litio es de Potosí, pero lo están negociando sin considerar a la población","Lithium belongs to Potosí, but they are negotiating it without considering the population",es,Los Tiempos,https://www.lostiempos.com/actualidad/economia/20250212/potosi-exige-mas-regalias-del-litio-transparencia-contratos,news_media,secondary_reported,,BOL
PS-0174,2025-02-12,2025,ARG,Gustavo Sáenz,Governor of Salta,subnational_gov,LatAm executive,ARG,Primero Salta,speech,Inauguration of Ganfeng's Mariana lithium chloride plant,lithium,253090;282520;283691,foreign_investment;processing_refining;energy_transition,CHN,positive,not_mentioned,Ganfeng Lithium; Mariana,"At the opening of Chinese firm Ganfeng's Mariana plant, Sáenz hailed a day of great significance for Salta and Argentina, noting 600 workers and 20,000 tonnes a year of lithium chloride.",Avanzamos hacia un futuro donde la minería y la sostenibilidad caminan juntas,We are moving toward a future where mining and sustainability walk together,es,Ámbito,https://www.ambito.com/ambito-nacional/gustavo-saenz-celebro-inicio-la-produccion-cloruro-litio-salta-es-protagonista-la-transicion-energetica-n6112963,news_media,secondary_reported,Stance toward China inferred from celebrating Chinese-owned project. Project later denied RIGI (Jul 2025).,ARG
PS-0175,2025-02-13,2025,REG,Alvin Holsey,"Admiral, Commander, U.S. Southern Command",us_central_gov,United States,USA,,report,SOUTHCOM 2025 Posture Statement to Senate Armed Services Committee,lithium;rare_earths;critical_minerals_general,253090;282520;283691;284690,geopolitics_security;infrastructure_ports;foreign_investment,CHN;ARG;BOL;CHL,negative,positive,Belt and Road Initiative,"Holsey's posture statement said China is 'plowing fertile ground' in a region holding half the world's lithium reserves and a quarter of strategic metals, and that Chinese SOEs dominate rare earth mining and refining and use BRI to gain access to rare earths and ports.","Fifty percent of the world's lithium reserves are found in Argentina, Bolivia, and Chile.","Fifty percent of the world's lithium reserves are found in Argentina, Bolivia, and Chile.",en,U.S. Senate Armed Services Committee,https://www.armed-services.senate.gov/imo/media/doc/holsey_statement.pdf,legislative_record,primary_verified,Written statement dated 13 Feb 2025 (SASC); also delivered to HASC 1 Apr 2025.,USA_gov
PS-0176,2025-02-17,2025,BOL,Gualberto Arispe,"Deputy (MAS, evista bloc)",legislator,LatAm legislature,BOL,MAS (evista faction),interview,Chamber of Deputies review of lithium contracts,lithium,253090;282520;283691,sovereignty;royalties_taxation,CHN;RUS,negative,not_mentioned,CBC; Uranium One Group,"Arispe said the Evo Morales-aligned bloc would not approve the lithium contracts with Chinese and Russian firms, arguing the state's 51% share plus interest payments left foreign firms with more than half the value.","No vamos a dar curso, porque no vemos conveniente para el pueblo boliviano","We will not let it proceed, because we do not see it as convenient for the Bolivian people",es,EJU.tv,https://eju.tv/?p=4518265,news_media,secondary_reported,,BOL
PS-0177,2025-02-19,2025,BOL,Janira Román,Deputy (Comunidad Ciudadana),legislator,LatAm legislature,BOL,Comunidad Ciudadana,official_statement,Chamber of Deputies review of Uranium One contract,lithium,253090;282520;283691,corruption_governance;geopolitics_security,RUS,not_mentioned,not_mentioned,Uranium One Group; YLB,"Román argued Uranium One's registered Bolivian branch is focused on nuclear materials, not lithium, and called on the legislature to reject the contract.","la sucursal rusa puede realizar trabajos geofísicos, exploración y extracción de minerales que contengan sustancias nucleares","the Russian branch can carry out geophysical work, exploration and extraction of minerals containing nuclear substances",es,EJU.tv,https://eju.tv/?p=4521361,news_media,secondary_reported,,BOL
PS-0178,2025-02-20,2025,BOL,"Constitutional Chamber, La Paz",Departmental court constitutional chamber,judiciary,LatAm judiciary,BOL,,court_ruling,Challenge to Uranium One lithium contract,lithium,253090;282520;283691,corruption_governance;indigenous_community_rights,RUS,not_mentioned,not_mentioned,Uranium One Group; YLB,"A La Paz constitutional chamber rejected a challenge to the lithium contract, reasoning that it would not be perfected until the legislative procedure was completed.",,,es,Swissinfo (EFE),https://www.swissinfo.ch/spa/juzgado-boliviano-revierte-orden-que-detuvo-contratos-con-rusia-y-china-para-extraer-litio/89476306,news_media,secondary_reported,Reported in background of June 2025 article.,BOL
PS-0179,2025-04-06,2025,CHL,Niu Qingbao,Chinese Ambassador to Chile,china_embassy,China,CHN,CCP,interview,La Tercera interview amid US tariff escalation,lithium;copper,253090;260300;282520;283691;740200;740311,geopolitics_security;foreign_investment;tariffs_trade_policy,USA,positive,negative,Tianqi; Codelco; SQM,"The ambassador said US hegemonic measures would not change China-Chile cooperation, noted China is the largest lithium consumer, and hoped Chilean authorities would protect Tianqi's legitimate rights in the Codelco-SQM deal.",las autoridades chilenas protegerán efectivamente los derechos e intereses legítimos de Tianqi,Chilean authorities will effectively protect Tianqi's legitimate rights and interests,es,La Tercera,https://www.latercera.com/la-tercera-domingo/noticia/entrevista-a-niu-qingbao-embajador-de-china-las-amenazas-de-eeuu-no-cambiaran-la-base-de-la-cooperacion-entre-china-y-chile/,news_media,secondary_reported,Quote phrased as hope in original interview,CHL
PS-0180,2025-04-14,2025,ARG,Scott Bessent,U.S. Secretary of the Treasury,us_central_gov,United States,USA,Republican (Trump administration),interview,Bessent visit to Buenos Aires after IMF deal; remarks on China swap,mining_general,,geopolitics_security;financing_credit,CHN;ARG,negative,positive,PBOC-BCRA swap,"During his Buenos Aires visit, Bessent urged Argentina to wind down its currency swap with China and warned against Chinese 'predatory' deals like those in Africa, where China took over mineral rights and saddled countries with debt.",,,en,La Política Online,https://www.lapoliticaonline.com/politica/el-secretario-del-tesoro-de-trump-rechazo-darle-un-prestamo-a-milei-y-le-pidio-que-desarme-el-swap-con-china/,news_media,secondary_reported,Remarks (reportedly to Bloomberg) quoted only in Spanish translation; quote fields left empty. Minerals reference is to Africa as cautionary example for Argentina.,USA_gov
PS-0181,2025-04-15,2025,CHL,Aisén Etcheverry,Government Spokesperson (Minister Secretary General of Government),minister_cabinet,LatAm executive,CHL,Independent (Boric government),press_conference,Government response to Matthei on Codelco-SQM,lithium,253090;282520;283691,state_control_nationalization,none,not_mentioned,not_mentioned,Codelco; SQM,The government spokesperson defended the Codelco-SQM deal as fundamental and valued by national and international experts and urged Matthei to retract her doubts.,ojalá la candidata se desdiga de este manto de dudas que está instalando,hopefully the candidate will retract this cloak of doubt she is spreading,es,El Dínamo,https://www.eldinamo.cl/pais/2025/04/15/la-moneda-lanza-ofensiva-contra-evelyn-matthei-tras-cuestionar-acuerdo-codelco-sqm-por-el-litio/,news_media,secondary_reported,,CHL
PS-0182,2025-04-15,2025,CHL,Codelco,State copper company (corporate statement),state_company,LatAm state company,CHL,,official_statement,Codelco response to Matthei on SQM agreement,lithium,253090;282520;283691,corruption_governance;state_control_nationalization,EU,not_mentioned,not_mentioned,Codelco; SQM,"Codelco said the SQM partnership had been scrutinised in several jurisdictions, approved without conditions by the EU and upheld by Chile's higher courts, and asked that it not become an electoral issue.",nuestros Tribunales Superiores de Justicia han confirmado la validez y legalidad,our Higher Courts of Justice have confirmed the validity and legality,es,El Dínamo,https://www.eldinamo.cl/pais/2025/04/15/la-moneda-lanza-ofensiva-contra-evelyn-matthei-tras-cuestionar-acuerdo-codelco-sqm-por-el-litio/,news_media,secondary_reported,,CHL
PS-0183,2025-04-15,2025,CHL,Evelyn Matthei,Presidential pre-candidate (Chile Vamos),political_party_candidate,LatAm party/candidate,CHL,UDI / Chile Vamos,campaign_statement,Questioning of Codelco-SQM lithium deal,lithium,253090;282520;283691,corruption_governance;state_control_nationalization,none,not_mentioned,not_mentioned,Codelco; SQM,Matthei asked Chile Vamos legislators to request all information on the Codelco-SQM agreement to review whether it was convenient for the country.,he pedido a los parlamentarios de Chile Vamos que soliciten toda la información respecto del acuerdo SQM-Codelco,I have asked Chile Vamos legislators to request all the information regarding the SQM-Codelco agreement,es,El Dínamo,https://www.eldinamo.cl/pais/2025/04/15/la-moneda-lanza-ofensiva-contra-evelyn-matthei-tras-cuestionar-acuerdo-codelco-sqm-por-el-litio/,news_media,secondary_reported,,CHL
PS-0184,2025-04-16,2025,MEX,Claudia Sheinbaum,President of Mexico,head_of_state,LatAm executive,MEX,Morena,press_conference,New national lithium strategy expanding LitioMx,lithium,253090;282520;283691,value_added_industrialization;state_control_nationalization;energy_transition;technology_transfer,none,not_mentioned,not_mentioned,LitioMx;Pemex;Pemex Litio;IMP,"Sheinbaum announced a broadened role for LitioMx beyond extraction, including research and battery and solar panel manufacturing, with Pemex to create a lithium subsidiary to lead exploration and exploitation.",,,es,Mexico Business News,https://mexicobusiness.news/mining/news/litiomx-go-beyond-extraction-under-new-national-strategy,news_media,secondary_reported,Date approximate (article date).,MEX
PS-0185,2025-04-23,2025,BRA,Alexandre Silveira,Minister of Mines and Energy of Brazil,minister_cabinet,LatAm executive,BRA,PSD,speech,"Summit Valor Econômico Brazil-China 2025, Shanghai",critical_minerals_general;lithium;niobium;rare_earths,253090;261590;282520;283691;284690;720293,foreign_investment;environment_water;diplomatic_relations,CHN,positive,not_mentioned,CMOC; Sigma Lithium; Vale,"In Shanghai, Silveira announced that Brazil would establish a national critical minerals policy in 2025 to strengthen the chain and speed environmental licensing without abandoning legal rigour, seeking investment amid strong Chinese interest.",,,pt,Movimento Econômico,https://movimentoeconomico.com.br/economia/2025/04/23/brasil-promete-politica-nacional-para-minerais-criticos-de-olho-na-china/,news_media,secondary_reported,stance_china inferred from investment-pitch context,BRA
PS-0186,2025-04-28,2025,PER,Song Yang,Chinese Ambassador to Peru,china_embassy,China,CHN,CCP,op_ed,US reciprocal tariffs; Chancay; ZEEP,mining_general,,tariffs_trade_policy;infrastructure_ports;foreign_investment;geopolitics_security,USA;CHN,positive,negative,Puerto de Chancay; ZEEP,"Song Yang criticized US reciprocal tariffs as harming the world trade order, said Chancay had opened a new historic era in relations, and encouraged Peru to promote special economic zones that would open doors for more Chinese investment.",La política estadounidense de 'aranceles recíprocos' no solo perjudica el orden del comercio económico mundial,The US 'reciprocal tariffs' policy not only harms the world economic trade order,es,ProActivo,https://proactivo.com.pe/china-anima-a-peru-a-fortalecer-su-proyeccion-asia-pacifico-frente-a-desafios-arancelarios/,news_media,secondary_reported,Channel uncertain (op-ed or speech),PER
PS-0187,2025-04-30,2025,CHL,Máximo Pacheco,Chairman of Codelco,state_company,LatAm state company,CHL,,speech,Codelco shareholders meeting,copper;lithium,253090;260300;282520;283691;740200;740311,processing_refining;foreign_investment,CHN,positive,not_mentioned,Codelco; SQM,"Pacheco called the SQM deal perhaps the most transparent business deal in Chilean history, said he was optimistic China would approve it as Chilean lithium is highly valued there, and advocated a new copper smelter.","Estamos optimistas de que esto va a salir, porque el litio chileno es tremendamente importante y valorado en China","We are optimistic this will go through, because Chilean lithium is tremendously important and valued in China",es,Diario Financiero,https://www.df.cl/empresas/juntas-de-accionistas/codelco-estamos-en-un-momento-critico-de-la-historia-y-no-podemos-repetir,news_media,secondary_reported,,CHL
PS-0188,2025-05-04,2025,PER,Jorge Montero,Minister of Energy and Mines of Peru,minister_cabinet,LatAm executive,PER,,press_conference,Visit to Arequipa; Tía María and Pataz violence,copper,260300;740200;740311,foreign_investment;environment_water;geopolitics_security,none,not_mentioned,not_mentioned,Tía María; Southern Copper; Pataz,"Montero said Tía María would move forward in the coming months with construction starting in 2025, noting it would use seawater, and pledged to radicalize emergency measures in Pataz.",Lo que están manifestando es que ese proyecto va adelante en los próximos meses.,What they are stating is that this project goes ahead in the coming months.,es,El Búho,https://elbuho.pe/2025/05/arequipa-ministro-anuncia-radicalizacion-para-pataz-proyecto-tia-maria/,news_media,secondary_reported,,PER
PS-0189,2025-05-08,2025,CHL,CORFO,Chilean Production Development Corporation,other_executive,LatAm executive,CHL,,official_statement,BYD and Tsingshan withdrawal from preferential-price lithium value-added projects,lithium,253090;282520;283691,value_added_industrialization;foreign_investment,CHN,neutral,not_mentioned,BYD; Tsingshan; CORFO,CORFO said the companies it selected for preferential lithium supply (BYD and Tsingshan) had been affected in their investment decisions by global market conditions and the sharp fall in lithium prices.,,,en,electrive,https://electrive.com/2025/05/08/byd-tsingshan-pull-out-of-chile-lithium-projects,news_media,secondary_reported,Quote only available in English translation; date of statement approx. 7-8 May 2025,CHL
PS-0190,2025-05-09,2025,CHL,Embassy of the People's Republic of China in Chile,Chinese Embassy in Chile,china_embassy,China,CHN,CCP,official_statement,Response to reports BYD and Tsingshan abandoned lithium projects,lithium,253090;282520;283691,foreign_investment;diplomatic_relations,none,positive,not_mentioned,BYD; Tsingshan,"The Chinese embassy said that after checking with BYD and Tsingshan neither had ended their investments in Chile and both remained willing to continue dialogue, contradicting the Chilean government.","Tras verificar con las dos empresas, resulta que ambas nunca han manifestado haber terminado sus inversiones en Chile y mantienen la disposición de continuar el diálogo","After checking with the two companies, it turns out neither has ever stated it ended its investments in Chile and both remain willing to continue dialogue",es,Forbes Chile,https://forbes.cl/negocios/2025-05-09/la-embajada-de-china-en-chile-contradice-al-gobierno-y-asegura-que-byd-y-tsingshan-mantienen-sus-proyectos-en-el-pais,news_media,secondary_reported,Statement issued days before Boric's state visit to China,CHL
PS-0191,2025-05-09,2025,CHL,Nicolás Grau,Minister of Economy,minister_cabinet,LatAm executive,CHL,Frente Amplio,interview,Radio ADN; clarification after Chinese embassy statement on BYD/Tsingshan,lithium,253090;282520;283691,value_added_industrialization;foreign_investment;diplomatic_relations,CHN,neutral,not_mentioned,BYD; Tsingshan; CORFO,"Grau said BYD and Tsingshan declined CORFO's preferential lithium contracts but could still invest in lithium through other channels, after speaking by phone with Ambassador Niu Qingbao.",Son dos informaciones distintas,These are two different pieces of information,es,Diario Financiero,https://www.df.cl/economia-y-politica/gobierno/grau-aclara-que-chinas-byd-y-tsingshan-declinaron-de-participar-en,news_media,secondary_reported,,CHL
PS-0192,2025-05-13,2025,REG,China-CELAC Forum (Fourth Ministerial Meeting),Joint document of China and CELAC member states,china_central_gov,China,CHN,,joint_declaration_or_mou,"China-CELAC Forum Fourth Ministerial Meeting, Beijing; Joint Action Plan 2025-2027",mining_general,,energy_transition;corruption_governance;diplomatic_relations,none,positive,not_mentioned,CELAC,The China-CELAC Joint Action Plan 2025-2027 contains an 'Energy and resources' chapter that commits to exploring investment in energy transition and advanced energy storage and to geoscience cooperation; it names no specific minerals. Its law-enforcement section calls for exchanges on combating illegal mining and illegal trade in precious metals.,探索双方能源转型与先进储能技术合作投资机遇，助力双方共同实现能源绿色低碳转型。,"Explore cooperation and investment opportunities in energy transition and advanced energy storage technology, helping both sides achieve a green, low-carbon energy transition.",zh,Ministry of Foreign Affairs of the PRC,https://www.mfa.gov.cn/web/ziliao_674904/1179_674909/202505/t20250513_11622237.shtml,primary_official,primary_verified,"No explicit lithium/copper language; Spanish version: static.poder360.com.br/2025/05/plano-de-acao-china-latina.pdf. Joint China-CELAC text, coded as china_central_gov.",CHN_gov
PS-0193,2025-05-14,2025,CHL,Xi Jinping,President of the People's Republic of China,china_central_gov,China,CHN,CCP,official_statement,"Talks with Gabriel Boric, Beijing state visit",mining_general,,diplomatic_relations;foreign_investment;environment_water,CHL,positive,not_mentioned,,"In talks with Boric in Beijing, Xi called for deepening China-Chile cooperation in agriculture, industrial investment, infrastructure and green mining, and for defending Global South interests.","profundizar la cooperación en áreas como agricultura, silvicultura, ganadería, pesquería, inversión industrial, infraestructura y minería verde","deepen cooperation in areas such as agriculture, forestry, livestock, fisheries, industrial investment, infrastructure and green mining",es,Ministry of Foreign Affairs of the PRC,https://www.fmprc.gov.cn/esp/zxxx/202505/t20250514_11622942.html,primary_official,primary_verified,Spanish version of MFA readout,CHL
PS-0194,2025-05-23,2025,CHL,Iván Mlynarz,Executive Vice President of ENAMI,state_company,LatAm state company,CHL,,interview,Selection of Rio Tinto as partner for Salares Altoandinos lithium project,lithium,253090;282520;283691,foreign_investment;state_control_nationalization,AUS;GBR,neutral,not_mentioned,ENAMI; Rio Tinto; Eramet; BYD; Posco; Salares Altoandinos,"ENAMI's head defended choosing Rio Tinto for Salares Altoandinos, saying two binding offers were received (Rio Tinto, Eramet) while BYD and Posco did not bid, and that Rio Tinto would finance the ~US$3bn project.","Nadie puede cuestionar ni la experiencia en minería, ni las capacidades técnicas",No one can question either the mining experience or the technical capabilities,es,La Tercera,https://www.latercera.com/pulso/noticia/ivan-mlynarz-nadie-puede-cuestionar-la-experiencia-las-capacidades-ni-el-interes-de-rio-tinto/,news_media,secondary_reported,Article dated 23 May 2025; selection announced 22 May,CHL
PS-0195,2025-05-27,2025,BOL,Juzgado Mixto de Colcha K (Potosí),"Mixed court, Colcha K",judiciary,LatAm judiciary,BOL,,court_ruling,Popular action by indigenous/campesino organizations against lithium contracts,lithium,253090;282520;283691,indigenous_community_rights;environment_water,CHN;RUS,not_mentioned,not_mentioned,YLB; CBC; Uranium One Group; Ministry of Hydrocarbons and Energy; Chamber of Deputies,The court granted precautionary measures ordering the immediate halt of legislative treatment of the CBC and Uranium One lithium contracts and instructing YLB and the ministry to refrain from any related work.,,,es,Correo del Sur,https://correodelsur.com/economia/20250606/justicia-reactiva-contratos-de-litio-con-rusia-y-china.html,news_media,secondary_reported,Details also in Swissinfo/EFE.,BOL
PS-0196,2025-06-05,2025,CHL,Gonzalo Winter,Presidential primary candidate; Deputy,political_party_candidate,LatAm party/candidate,CHL,Frente Amplio,campaign_statement,Unidad por Chile primary debate,lithium,253090;282520;283691,state_control_nationalization,none,not_mentioned,not_mentioned,SQM; Codelco,"Winter defended the Codelco-SQM deal against Jara, saying she treated its supporters as naive or unable to dream and asking whether she would oppose it even if good for Chile.",¿Aunque sea bueno para Chile?,Even if it is good for Chile?,es,La Tercera,https://www.latercera.com/politica/noticia/acuerdo-por-el-litio-jara-apunta-a-herencia-pinochetista-de-sqm-y-desata-tenso-cruce-en-debate-de-primarias/,news_media,secondary_reported,,CHL
PS-0197,2025-06-05,2025,CHL,Jeannette Jara,Presidential primary candidate; former Minister of Labour,political_party_candidate,LatAm party/candidate,CHL,Partido Comunista,campaign_statement,Unidad por Chile primary debate,lithium,253090;282520;283691,state_control_nationalization;corruption_governance,none,not_mentioned,not_mentioned,SQM; Codelco,"In the ruling coalition's primary debate, Jara criticised the Codelco-SQM deal, objecting to doing business with SQM because of its Pinochet-era origins and calling supporters naive.",No me gusta que hagamos negocios con SQM...por su herencia pinochetista,I don't like us doing business with SQM... because of its Pinochet-era heritage,es,La Tercera,https://www.latercera.com/politica/noticia/acuerdo-por-el-litio-jara-apunta-a-herencia-pinochetista-de-sqm-y-desata-tenso-cruce-en-debate-de-primarias/,news_media,secondary_reported,,CHL
PS-0198,2025-06-06,2025,BOL,Juzgado Mixto de Colcha K (Potosí),"Mixed court, Colcha K",judiciary,LatAm judiciary,BOL,,court_ruling,Ruling on popular action against lithium contracts,lithium,253090;282520;283691,indigenous_community_rights;foreign_investment,CHN;RUS,not_mentioned,not_mentioned,YLB; CBC; Uranium One Group,"The same court denied the popular action and lifted its precautionary measures, allowing legislative treatment of the Russian and Chinese lithium contracts to resume.",,,es,Swissinfo (EFE),https://www.swissinfo.ch/spa/juzgado-boliviano-revierte-orden-que-detuvo-contratos-con-rusia-y-china-para-extraer-litio/89476306,news_media,secondary_reported,,BOL
PS-0199,2025-06-06,2025,BOL,Lissa Claros,Deputy (Comunidad Ciudadana),legislator,LatAm legislature,BOL,Comunidad Ciudadana,interview,Reaction to court lifting suspension of lithium contracts,lithium,253090;282520;283691,indigenous_community_rights;corruption_governance,CHN;RUS,not_mentioned,not_mentioned,CBC; Uranium One Group,"Claros criticized the court's decision to lift precautionary measures, saying it meant indigenous peoples' rights would continue to be violated and alleging judicial bias.",Esto significa que se seguirá vulnerando el derecho de los pueblos indígenas,This means the rights of indigenous peoples will continue to be violated,es,Correo del Sur,https://correodelsur.com/economia/20250606/justicia-reactiva-contratos-de-litio-con-rusia-y-china.html,news_media,secondary_reported,,BOL
PS-0200,2025-06-16,2025,ECU,Inés Manzano,Minister of Energy and Mines of Ecuador,minister_cabinet,LatAm executive,ECU,ADN (Noboa government),interview,Debate on new mining supervision fee (Resolution 003-25),mining_general,,royalties_taxation;corruption_governance,none,not_mentioned,not_mentioned,ARCOM,"The minister refused to negotiate or delay a new semiannual supervision fee on all mining concessions, expected to raise about USD 200-220 million a year, despite industry objections.",Yo no estoy ni para negociar ni para dilatar un proceso que es necesario,I am neither here to negotiate nor to delay a process that is necessary,es,Primicias,https://www.primicias.ec/economia/tasa-minera-vigencia-publicacion-registro-oficial-daniel-noboa-98958/,news_media,secondary_reported,Fee published in Registro Oficial 2025-06-20; ministry title per article.,COL_ECU_PAN
PS-0201,2025-06-19,2025,MEX,Ernesto Sánchez Rodríguez,Federal Deputy (PAN),legislator,LatAm legislature,MEX,PAN,bill_or_law,Announcement of constitutional reform initiative to dissolve LitioMx,lithium,253090;282520;283691,state_control_nationalization;corruption_governance,none,not_mentioned,not_mentioned,LitioMx,"PAN deputy Sánchez announced an initiative to abolish LitioMx, calling it a bankrupt 'white elephant' with payroll spending but no extraction projects despite a budget increase.",Hablamos de la manada de elefantes blancos en la granja corrupta de Morena,We are talking about the herd of white elephants on Morena's corrupt farm,es,Quadratín,https://mexico.quadratin.com.mx/anuncia-pan-reforma-para-extinguir-litiomx/,news_media,secondary_reported,,MEX
PS-0202,2025-06-27,2025,ECU,Javier Subía,Vice Minister of Mines of Ecuador,other_executive,LatAm executive,ECU,Noboa government,interview,Review of large-scale mining concessions,copper;silver;mining_general,260300;261610;710691;740200;740311,foreign_investment;state_control_nationalization;corruption_governance,CHN;CAN;AUS,neutral,not_mentioned,Ecuacorriente; SolGold; Lumina Gold; Dundee Precious Metals; Atico Mining,"The vice minister said the government was analysing reversal of some 275 large-scale concessions granted before 2018 that had made little investment or exploration progress, calling for idle areas to be activated.",El país no necesita una exploración que se transforma en una especulación,The country does not need exploration that turns into speculation,es,Primicias,https://www.primicias.ec/economia/gobierno-noboa-reversion-concesiones-grandes-mineras-exploracion-99443/,news_media,secondary_reported,,COL_ECU_PAN
PS-0203,2025-06-30,2025,CHL,Chamber of Deputies of Chile,Chamber of Deputies (plenary),legislature_body,LatAm legislature,CHL,,legislative_debate,Vote on report of special investigative commission on Codelco-SQM deal,lithium,253090;282520;283691,corruption_governance;state_control_nationalization,none,not_mentioned,not_mentioned,Codelco; SQM; CORFO,"The Chamber approved 96-12-17 the investigative commission report recommending annulment of the Codelco-SQM deal, arguing direct negotiation instead of an international tender caused serious fiscal harm; the vote is non-binding.",,,es,El Dínamo,https://www.eldinamo.cl/economia/negocios-economia/2025/06/30/camara-de-diputados-pide-anular-acuerdo-entre-codelco-y-sqm-por-el-litio/,news_media,secondary_reported,,CHL
PS-0204,2025-07,2025,BRA,Gabriel Escobar,"Chargé d'affaires, U.S. Embassy in Brasília",us_embassy,United States,USA,U.S. Department of State,official_statement,Meeting with IBRAM president Raul Jungmann amid US-Brazil tariff dispute,lithium;niobium;critical_minerals_general,253090;261590;282520;283691;720293,foreign_investment;diplomatic_relations;trade_deals_offtake,BRA,not_mentioned,positive,IBRAM (Instituto Brasileiro de Mineração),The US chargé d'affaires conveyed to Brazil's mining institute IBRAM the United States' interest in Brazil's strategic minerals such as lithium and niobium; IBRAM replied that any deal must go through the Lula government.,,,es,RTVC (EFE),https://rtvc.es/trump-pone-el-ojo-en-minerales-estrategicos-brasilenos-25-de-julio-de-2025/,news_media,secondary_reported,Meeting occurred shortly before 25 Jul 2025; no direct quote from Escobar,USA_gov
PS-0205,2025-07-08,2025,MEX,Marcelo Ebrard,Secretary of Economy of Mexico,minister_cabinet,LatAm executive,MEX,Morena,press_conference,Reaction to Trump's announced 50% copper tariff,copper,260300;740200;740311,tariffs_trade_policy;diplomatic_relations,USA,not_mentioned,neutral,,"Ebrard said Mexico first needed to understand what products the announced US 50% copper tariff would apply to, and planned talks with US officials.",We need to know what it applies to. We're going to understand that first.,We need to know what it applies to. We're going to understand that first.,en,Mexico News Daily,https://mexiconewsdaily.com/?p=509770,news_media,secondary_reported,Quote is MND English translation of Spanish original.,MEX
PS-0206,2025-07-09,2025,BOL,Milton Huanca,"Vice President, Comité Cívico Potosinista (Comcipo)",other,"Other (business, civil society, third countries)",BOL,Comcipo,press_conference,Comcipo vigil in Potosí against lithium contracts,lithium,253090;282520;283691,labor_social_conflict;sovereignty;environment_water,CHN;RUS,not_mentioned,not_mentioned,CBC; Uranium One Group; Comcipo,"Comcipo launched a vigil in Potosí and threatened mobilizations in La Paz, rejecting approval of the Uranium One and CBC lithium contracts.","Decimos que no vamos a aceptar la aprobación de estos contratos, iremos a La Paz para movilizarnos",We say we will not accept the approval of these contracts; we will go to La Paz to mobilize,es,EJU.tv,https://eju.tv/2025/07/comcipo-instala-vigilia-en-potosi-y-amenaza-con-movilizarse-en-la-paz-en-rechazo-a-los-contratos-del-litio/,news_media,secondary_reported,,BOL
PS-0207,2025-07-09,2025,BRA,Arnaldo Jardim,"Federal Deputy (Cidadania-SP), rapporteur of PL 2780/2024",legislator,LatAm legislature,BRA,Cidadania,interview,Preparation of report on critical minerals framework,critical_minerals_general,,energy_transition,none,not_mentioned,not_mentioned,PL 2780/2024,"Rapporteur Arnaldo Jardim said he aimed to deliver his report on the critical and strategic minerals bill by mid-August, in coordination with the Ministry of Mines and Energy, possibly via a government provisional measure or by endorsing the parliamentary draft.","fazemos, de qualquer forma, em conjunto",we do it jointly in any case,pt,Agência iNFRA,https://agenciainfra.com/blog/arnaldo-jardim-apresentara-relatorio-sobre-marco-dos-minerais-criticos-em-agosto/,news_media,secondary_reported,,BRA
PS-0208,2025-07-09,2025,CHL,Gabriel Boric,President of Chile,head_of_state,LatAm executive,CHL,Convergencia Social / Frente Amplio,press_conference,Reaction to Trump's announced 50% copper tariff,copper,260300;740200;740311,tariffs_trade_policy;diplomatic_relations;sovereignty,USA,not_mentioned,mixed,,"Boric said the government would react cautiously and await official US communication on the copper tariff, that diplomacy is not done via social media, and that Chile's foreign policy is decided by its president.","En diplomacia no se hace política por redes sociales, sino que mediante comunicaciones oficiales.","In diplomacy, policy is not made through social media but through official communications.",es,Meganoticias,https://www.meganoticias.cl/nacional/491543-boric-trump-arancel-cobre-en-diplomacia-no-se-hace-politica-por-redes-sociales-brk-9-7-2025.html,news_media,secondary_reported,,CHL
PS-0209,2025-07-09,2025,MEX,Claudia Sheinbaum,President of Mexico,head_of_state,LatAm executive,MEX,Morena,press_conference,Mañanera on US 50% copper tariff,copper,260300;740200;740311,tariffs_trade_policy;trade_deals_offtake;diplomatic_relations,USA;CHN,neutral,mixed,,"Sheinbaum noted Mexico exports more copper to China than to the US, much of the US-bound share being scrap refined there, said a delegation would negotiate in Washington and that Mexico would seek other export options.","Nuestra responsabilidad es buscar la mejor negociación posible con Estados Unidos y, al mismo tiempo, buscar otras opciones para la producción nacional y la exportación a otros lugares.","Our responsibility is to seek the best possible negotiation with the United States and, at the same time, seek other options for national production and export to other places.",es,Expansión Política,https://politica.expansion.mx/presidencia/2025/07/09/sheinbaum-responde-a-trump-aranceles,news_media,secondary_reported,,MEX
PS-0210,2025-07-09,2025,MEX,Francisco Cervantes Díaz,President of the Consejo Coordinador Empresarial (CCE),other,"Other (business, civil society, third countries)",MEX,,press_conference,Business sector reaction to US 50% copper tariff,copper,260300;740200;740311,tariffs_trade_policy,USA,not_mentioned,negative,,"The head of Mexico's main business council said the private sector did not understand the reasons for the US copper tariff given that copper is needed and produced in the region, noting Mexico is a top-four world producer.",,,es,Zeta Tijuana,https://zetatijuana.com/2025/07/trump-impondra-arancel-del-50-al-cobre-el-1-de-agosto-sheinbaum-enviara-delegacion-a-eu/,news_media,secondary_reported,Business actor.,MEX
PS-0211,2025-07-10,2025,BOL,Luis Arce,President of Bolivia,head_of_state,LatAm executive,BOL,Movimiento al Socialismo (MAS),official_statement,Delays in Chamber of Deputies treatment of lithium contracts,lithium,253090;282520;283691,foreign_investment;value_added_industrialization,CHN;RUS,not_mentioned,not_mentioned,YLB; CBC; Uranium One Group,Arce denied pressuring the legislature and said the Plurinational Legislative Assembly must meet its timelines for the lithium contracts submitted in 2024.,Aclaramos que nuestro Gobierno no ejerce ningún tipo de presión para la aprobación de esos contratos.,We clarify that our Government exerts no pressure whatsoever for the approval of those contracts.,es,Los Tiempos,https://www.lostiempos.com/node/657360,news_media,secondary_reported,,BOL
PS-0212,2025-07-10,2025,CHL,Alberto van Klaveren,Minister of Foreign Affairs,minister_cabinet,LatAm executive,CHL,Independent (PPD-aligned),press_conference,Reaction to US 50% copper tariff announcement,copper,260300;740200;740311,tariffs_trade_policy;diplomatic_relations,USA;CAN;MEX;PER,not_mentioned,neutral,,"The foreign minister said Chile awaited the executive order, noted Chile exports high-quality cathodes to the US and said the world and the US would keep needing Chilean copper.",el mundo va a seguir necesitando cobre chileno y EEUU va a necesitar nuestro cobre,the world will keep needing Chilean copper and the US will need our copper,es,Meganoticias,https://www.meganoticias.cl/nacional/491737-canciller-alberto-van-klaveren-arancel-donald-trump-mundo-y-eeuu-va-a-seguir-necesitando-cobre-chileno-brk-10-7-2025.html,news_media,secondary_reported,,CHL
PS-0213,2025-07-10,2025,CHL,Aurora Williams,Minister of Mining,minister_cabinet,LatAm executive,CHL,Partido Radical,press_conference,Reaction to US 50% copper tariff announcement,copper,260300;740200;740311,tariffs_trade_policy,USA,not_mentioned,neutral,,"The mining minister noted that only 11% of Chile's copper exports go to the US but Chilean copper makes up about 70% of US copper imports, stressing its quality and traceability.","para EEUU el 70% de su importación corresponde a cobre chileno, un cobre que tiene una calidad debidamente demostrable","for the US, 70% of its imports are Chilean copper, a copper of duly demonstrable quality",es,Meganoticias,https://www.meganoticias.cl/nacional/491737-canciller-alberto-van-klaveren-arancel-donald-trump-mundo-y-eeuu-va-a-seguir-necesitando-cobre-chileno-brk-10-7-2025.html,news_media,secondary_reported,,CHL
PS-0214,2025-07-11,2025,CHL,Gabriel Boric,President of Chile,head_of_state,LatAm executive,CHL,Convergencia Social / Frente Amplio,speech,"54th anniversary of copper nationalisation, El Teniente",copper,260300;740200;740311,tariffs_trade_policy;sovereignty;energy_transition,USA,not_mentioned,negative,Codelco; El Teniente,"Responding to the planned US copper tariff, Boric called for national unity to defend copper, argued restricting copper worsens global warming and said Chile would keep selling to all countries that want to buy.","Cuando nos tocan el cobre, salimos todos a defenderlo con unidad nacional","When they touch our copper, we all come out to defend it with national unity",es,El Mostrador,https://www.elmostrador.cl/noticias/pais/2025/07/11/presidente-boric-cuando-nos-tocan-el-cobre-salimos-todos-a-defenderlo-con-unidad-nacional/,news_media,secondary_reported,,CHL
PS-0215,2025-07-11,2025,CHL,Víctor Espinosa,Economic adviser to presidential candidate Johannes Kaiser,political_party_candidate,LatAm party/candidate,CHL,Partido Nacional Libertario,campaign_statement,Presidential race reactions to US copper tariff,copper,260300;740200;740311,tariffs_trade_policy,USA,not_mentioned,mixed,,"Speaking for Kaiser's campaign amid cross-party recriminations over the US copper tariff, his economic adviser said the libertarians oppose protectionism.","somos libertarios, no proteccionistas","we are libertarians, not protectionists",es,BioBioChile,https://www.biobiochile.cl/biobiotv/programas/radiograma-biobiotv/2025/07/11/amp/arancel-al-cobre-de-trump-tensiona-la-carrera-presidencial-genera-recriminaciones-cruzadas.shtml,news_media,secondary_reported,"Speaker is campaign adviser, not candidate",CHL
PS-0216,2025-07-15,2025,CHL,Alberto van Klaveren,Minister of Foreign Affairs,minister_cabinet,LatAm executive,CHL,Independent (PPD-aligned),legislative_debate,Joint session of Chamber Foreign Relations and Mining commissions on US copper surcharge,copper,260300;740200;740311,tariffs_trade_policy;diplomatic_relations;sovereignty,USA,not_mentioned,mixed,,"Before deputies, van Klaveren said Chile wants the best possible relationship with the US but that no foreign partner can condition Chile's foreign policy; opposition deputies asked if government rhetoric provoked the tariff.",ninguna relación exterior que tenga Chile con otro socio puede condicionar nuestra política exterior,no foreign relationship Chile has with another partner can condition our foreign policy,es,Cámara de Diputadas y Diputados,https://www.camara.cl/cms/?p=88071,legislative_record,primary_verified,,CHL
PS-0217,2025-07-15,2025,CHL,Máximo Pacheco,Chairman of Codelco,state_company,LatAm state company,CHL,,legislative_debate,Joint session of Chamber Foreign Relations and Mining commissions on US copper surcharge,copper,260300;740200;740311,tariffs_trade_policy,USA,not_mentioned,neutral,Codelco,"Pacheco told deputies the US would depend on Chilean copper for at least five more years regardless of the tariff, given its limited domestic production.",,,es,Cámara de Diputadas y Diputados,https://www.camara.cl/cms/?p=88071,legislative_record,primary_verified,Paraphrase; no verbatim quote in source,CHL
PS-0218,2025-07-17,2025,BOL,Wang Liang,Chinese Ambassador to Bolivia,china_embassy,China,CHN,CCP,interview,Radio Fides interview on lithium contracts,lithium,253090;282520;283691,foreign_investment;sovereignty;diplomatic_relations,CHN,positive,not_mentioned,YLB; CBC,"The Chinese ambassador called the legislative dispute over lithium contracts an internal matter, said investment decisions belong to companies, and stressed mutual respect for Bolivian sovereignty.",,,es,Fundación Andrés Bello,https://www.fundacionandresbello.org/?p=14535,news_media,secondary_reported,Quote seen only in English translation from secondary (China-friendly) source; original Radio Fides interview in Spanish. Quote cleared: only translated wording seen.,BOL
PS-0219,2025-07-22,2025,ARG,Peter Lamelas,U.S. Ambassador-designate to Argentina,us_embassy,United States,USA,Republican (Trump nominee),legislative_debate,Senate Foreign Relations Committee confirmation hearing,mining_general,,geopolitics_security;corruption_governance;foreign_investment,CHN,negative,positive,,"At his confirmation hearing Lamelas warned that Argentine provincial governments could negotiate projects directly with the Chinese, which could lend itself to corruption, and pledged to visit governors; China's embassy accused him of a Cold War mentality.","could negotiate with external forces, like the Chinese or others, to come in and do projects in that particular province, and that may also lend towards corruption","could negotiate with external forces, like the Chinese or others, to come in and do projects in that particular province, and that may also lend towards corruption",en,Buenos Aires Herald,https://buenosairesherald.com/world/international-relations/china-accuses-us-ambassador-nominee-of-cold-war-mentality,news_media,secondary_reported,Minerals not explicitly named; Argentine provinces control mineral (lithium/copper) resources—relevance inferred,USA_gov
PS-0220,2025-07-23,2025,ARG,Embassy of the People's Republic of China in Argentina,Chinese Embassy in Argentina,china_embassy,China,CHN,CCP,official_statement,Response to Lamelas Senate hearing remarks,critical_minerals_general,,geopolitics_security;diplomatic_relations,USA,positive,negative,,"The Chinese embassy said Lamelas' remarks were full of ideological prejudice and Cold War mentality, that Argentina should not become a battlefield for great-power rivalry, and that China's cooperation rests on mutual respect and mutual benefit.",La Argentina no debe convertirse en un 'campo de batalla' para luchas entre grandes potencias,Argentina must not become a 'battlefield' for struggles between great powers,es,La Nación,https://www.lanacion.com.ar/politica/china-le-respondio-al-embajador-que-designo-donald-trump-para-la-argentina-nid23072025/,news_media,secondary_reported,Statement does not itself name minerals; responds to remarks on provinces/critical minerals.,ARG
PS-0221,2025-07-23,2025,ARG,Luis Caputo,Minister of Economy of Argentina,minister_cabinet,LatAm executive,ARG,La Libertad Avanza,social_media_post,RIGI evaluation committee decisions,lithium,253090;282520;283691,foreign_investment;royalties_taxation,CHN;AUS,neutral,not_mentioned,Galan Lithium; Hombre Muerto Oeste; Ganfeng Lithium; Mariana,"Caputo announced on X approval of Galan Lithium's project as the sixth RIGI project and the rejection of Ganfeng's Mariana lithium project, explaining it had started in 2022 and was inaugurated before applying, so did not meet entry requirements.",El proyecto había arrancado en 2022 y fue inaugurado a principios de este año casi al mismo tiempo que presentó su solicitud de ingreso.,The project had started in 2022 and was inaugurated at the start of this year almost at the same time it submitted its application.,es,La Nación,https://www.lanacion.com.ar/economia/el-gobierno-aprobo-el-sexto-proyecto-del-rigi-y-confirmo-el-primer-rechazo-nid23072025/,news_media,secondary_reported,"First RIGI rejection; quote attributed by La Nación to Caputo's X post, full post not seen.",ARG
PS-0222,2025-07-25,2025,BRA,Luiz Inácio Lula da Silva,President of Brazil,head_of_state,LatAm executive,BRA,PT,speech,Response to US interest in Brazilian strategic minerals amid tariff threat,critical_minerals_general;lithium;niobium,253090;261590;282520;283691;720293,sovereignty;tariffs_trade_policy;geopolitics_security,USA,not_mentioned,negative,,"Reacting to reports that the US embassy had expressed interest in Brazil's strategic minerals, Lula said nobody would 'lay a hand' on Brazil's resources and asked the US government for respect for the Brazilian people.",,,es,RTVC (EFE),https://rtvc.es/trump-pone-el-ojo-en-minerales-estrategicos-brasilenos-25-de-julio-de-2025/,news_media,secondary_reported,Source in Spanish translation; Portuguese original 'aqui ninguém põe a mão' not verified verbatim,BRA
PS-0223,2025-07-28,2025,BRA,Luiz Inácio Lula da Silva,President of Brazil,head_of_state,LatAm executive,BRA,PT,speech,"Inauguration of GNA II thermal plant, Porto do Açu (RJ)",critical_minerals_general,,sovereignty;state_control_nationalization;geopolitics_security,USA,not_mentioned,negative,,"Days after the US chargé d'affaires signalled Washington's interest in Brazilian critical minerals, Lula asserted sovereign control, saying companies may only research under Brazilian control and the Brazilian people must benefit from the wealth.",Nós temos que dar autorização para a empresa pesquisar sob o nosso controle.,We have to authorise the company to research under our control.,pt,Jornal do Brasil,https://www.jb.com.br/brasil/politica/2025/07/1056348-lula-defende-soberania-do-brasil-sobre-minerais-criticos.html,news_media,secondary_reported,,BRA
PS-0224,2025-07-30,2025,CHL,Alberto van Klaveren,Minister of Foreign Affairs,minister_cabinet,LatAm executive,CHL,Independent (PPD-aligned),official_statement,US proclamation excluding refined copper/cathodes from 50% Section 232 tariff,copper,260300;740200;740311,tariffs_trade_policy;diplomatic_relations,USA,not_mentioned,positive,,"The government welcomed the US decision to exclude cathodes and main Chilean copper products from the 50% Section 232 tariff, applying it only to semi-finished products.",la tasa que se había anunciado del 50% no se aplica a los principales productos,the 50% rate that had been announced does not apply to the main products,es,Reporte Minero,https://www.reporteminero.cl/noticia/noticias/2025/07/gobierno-celebra-exclusion-cobre-chileno-arancel-estados-unidos,news_media,secondary_reported,,CHL
PS-0225,2025-07-30,2025,CHL,Aurora Williams,Minister of Mining,minister_cabinet,LatAm executive,CHL,Partido Radical,official_statement,US proclamation excluding refined copper from 50% tariff,copper;critical_minerals_general,260300;740200;740311,tariffs_trade_policy;trade_deals_offtake,USA,not_mentioned,neutral,,Williams said the US exclusion reinforced Chile's standing and that work must continue to position the minerals the world needs and open new markets.,El trabajo no termina acá. Es clave continuar instalando el rol de estos minerales que el mundo necesita y abrir nuevos mercados,The work does not end here. It is key to keep establishing the role of these minerals the world needs and open new markets,es,Reporte Minero,https://www.reporteminero.cl/noticia/noticias/2025/07/gobierno-celebra-exclusion-cobre-chileno-arancel-estados-unidos,news_media,secondary_reported,,CHL
PS-0226,2025-07-30,2025,CHL,Mario Marcel,Minister of Finance,minister_cabinet,LatAm executive,CHL,Partido Socialista (ind.),official_statement,US proclamation excluding refined copper from 50% tariff,copper,260300;740200;740311,tariffs_trade_policy;diplomatic_relations,USA,not_mentioned,neutral,,Marcel attributed the copper tariff exclusion to coordinated government work rather than luck.,Haber llegado hasta acá no es fruto de la suerte. Aquí hubo un trabajo coordinado,Getting here is not the fruit of luck. There was coordinated work here,es,Reporte Minero,https://www.reporteminero.cl/noticia/noticias/2025/07/gobierno-celebra-exclusion-cobre-chileno-arancel-estados-unidos,news_media,secondary_reported,,CHL
PS-0227,2025-07-30,2025,REG,Donald Trump,President of the United States,head_of_state,United States,USA,Republican,decree_or_regulation,Proclamation 'Adjusting Imports of Copper into the United States' (Section 232),copper,260300;740200;740311,tariffs_trade_policy;geopolitics_security;processing_refining,none,negative,positive,,"Trump imposed a 50% Section 232 tariff on semi-finished copper products and intensive derivatives from 1 August 2025 while leaving ores, concentrates and cathodes out, citing a single foreign country's dominance of global smelting and refining.","Today, a single foreign country dominates global copper smelting and refining, controlling over 50 percent of global smelting capacity","Today, a single foreign country dominates global copper smelting and refining, controlling over 50 percent of global smelting capacity",en,The White House,https://www.whitehouse.gov/presidential-actions/2025/07/adjusting-imports-of-copper-into-the-united-states/,primary_official,primary_verified,"Global measure, no LatAm country named; relevant to Chile/Peru as main copper suppliers; cathode exclusion reported by CTV/Reuters https://www.ctvnews.ca/world/trumps-tariffs/article/trump-imposes-50-tariff-on-copper-imports-white-house-says/ . 'Single foreign country' implicitly China (not named).",USA_gov
PS-0228,2025-08,2025,BRA,American Iron and Steel Institute (Kevin Dempsey),US steel industry association,other,United States,USA,,official_statement,Letter to USTR urging intervention in Anglo American nickel sale to MMG,nickel,260400;720260,geopolitics_security;foreign_investment,CHN;USA,negative,positive,Anglo American; MMG; Barro Alto; Niquelândia,"AISI asked the Trump administration to intervene against the sale of Anglo American's Goiás nickel plants to MMG, warning it would strengthen China's dominance of nickel and urging Brazil to keep strategic assets in market-oriented ownership.",,,pt,Jornal Opção,https://www.jornalopcao.com.br/ultimas-noticias/associacao-americana-pede-que-trump-intervenha-em-venda-de-plantas-de-niquel-em-goias-para-chineses-738568/,news_media,secondary_reported,"Industry actor, not government",BRA
PS-0229,2025-08,2025,BRA,Conselho Administrativo de Defesa Econômica (CADE),Brazilian antitrust authority,other_executive,LatAm executive,BRA,,decree_or_regulation,Investigation of Anglo American nickel sale to China's MMG,nickel,260400;720260,foreign_investment;corruption_governance,CHN,neutral,not_mentioned,Anglo American; MMG; China Minmetals; Barro Alto; Niquelândia; CoreX,"CADE opened an administrative procedure to investigate Anglo American's US$500m sale of its Brazilian nickel assets to China-backed MMG, stressing this did not automatically mean the deal would be blocked.",,,en,Miningmx,https://www.miningmx.com/top-story/62257-brazil-probes-anglo-american-nickel-disposal/,news_media,secondary_reported,Complaint by CoreX; date approximate (late Aug 2025),BRA
PS-0230,2025-08,2025,CHL,Evelyn Matthei,Presidential candidate (Chile Vamos),political_party_candidate,LatAm party/candidate,CHL,UDI / Chile Vamos,campaign_statement,Mining proposals of presidential candidates,lithium;copper,253090;260300;282520;283691;740200;740311,foreign_investment;royalties_taxation,none,not_mentioned,not_mentioned,,"Matthei's program targets 1 million tonnes of lithium carbonate equivalent by 2035 and 7 million tonnes of copper by 2030, a corporate tax cut to 23% and simpler exploration permits.",quisiéramos llegar a la producción de un millón de toneladas,we would like to reach production of one million tonnes,es,Diario Financiero,https://www.df.cl/economia-y-politica/pais/candidatos-y-sus-propuestas-para-la-mineria-desde-el-litio-concesible-a,news_media,secondary_reported,DF article 7 Aug 2025,CHL
PS-0231,2025-08,2025,CHL,Franco Parisi,Presidential candidate,political_party_candidate,LatAm party/candidate,CHL,Partido de la Gente,campaign_statement,Mining proposals of presidential candidates,lithium,253090;282520;283691,indigenous_community_rights;state_control_nationalization,none,not_mentioned,not_mentioned,,Parisi proposed making lithium concessible by presidential decree and giving indigenous peoples Series B shareholdings.,vamos a proponer que las razas originarias sean accionistas,we will propose that the original peoples become shareholders,es,Diario Financiero,https://www.df.cl/economia-y-politica/pais/candidatos-y-sus-propuestas-para-la-mineria-desde-el-litio-concesible-a,news_media,secondary_reported,DF article 7 Aug 2025,CHL
PS-0232,2025-08,2025,CHL,Johannes Kaiser,Presidential candidate,political_party_candidate,LatAm party/candidate,CHL,Partido Nacional Libertario,campaign_statement,Mining proposals of presidential candidates,lithium;copper,253090;260300;282520;283691;740200;740311,state_control_nationalization;foreign_investment,none,not_mentioned,not_mentioned,Codelco; SQM; ENAMI,"Kaiser proposed making lithium concessible and auctionable, auditing Codelco's strategic decisions, doubling ENAMI processing capacity and reviewing the SQM agreement if not finalised.",,,es,Diario Financiero,https://www.df.cl/economia-y-politica/pais/candidatos-y-sus-propuestas-para-la-mineria-desde-el-litio-concesible-a,news_media,secondary_reported,Paraphrase; DF article 7 Aug 2025,CHL
PS-0233,2025-08,2025,CHL,José Antonio Kast,Presidential candidate,political_party_candidate,LatAm party/candidate,CHL,Partido Republicano,campaign_statement,"Government program, mining chapter",lithium;copper,253090;260300;282520;283691;740200;740311,corruption_governance;foreign_investment;state_control_nationalization,none,not_mentioned,not_mentioned,Codelco; SQM; Chuquicamata,"Kast's program proposed cutting permitting bureaucracy, auditing Codelco over Chuquicamata cost overruns and criticised the SQM agreement as driven by ideology.",primó la ideología por sobre el bien del país,ideology prevailed over the good of the country,es,Diario Financiero,https://www.df.cl/economia-y-politica/pais/candidatos-y-sus-propuestas-para-la-mineria-desde-el-litio-concesible-a,news_media,secondary_reported,From program as summarised by DF (7 Aug 2025),CHL
PS-0234,2025-08,2025,CHL,Álvaro García,Minister of Economy,minister_cabinet,LatAm executive,CHL,PPD,interview,Timeline for closing Codelco-SQM deal,lithium,253090;282520;283691,state_control_nationalization;foreign_investment,CHN,neutral,not_mentioned,Codelco; SQM; ENAMI; Rio Tinto,"García said closing the Codelco-SQM partnership before the end of the government was the immediate goal, noting Chinese antitrust approval was pending, and expected the ENAMI-Rio Tinto deal soon.",Este es nuestro objetivo inmediato. Esperamos que se complete antes de que termine el gobierno.,This is our immediate goal. We hope it is completed before the government ends.,es,Reporte Minero,https://www.reporteminero.cl/noticia/noticias/2025/08/ministro-de-economia-alvaro-garcia-espera-concretar-acuerdo-de-litio-entre-codelco-y-sqm-antes-de-2026,news_media,secondary_reported,Exact day not captured; August 2025,CHL
PS-0235,2025-08-06,2025,BRA,Luiz Inácio Lula da Silva,President of Brazil,head_of_state,LatAm executive,BRA,PT,interview,Interview with Reuters amid US 50% tariffs,critical_minerals_general,,sovereignty;value_added_industrialization;geopolitics_security;tariffs_trade_policy,USA,not_mentioned,mixed,,"In a Reuters interview, Lula said Brazil would not repeat the last century's pattern of exporting ore and importing high value-added goods, and, referring to reported US interest in Brazilian critical minerals, said Brazil would keep them for itself while remaining open to negotiation.","não vamos permitir o que aconteceu no século passado, em que o Brasil exporta minério e compra produtos com valor agregado muito alto","we will not allow what happened in the last century, when Brazil exports ore and buys products with very high added value",pt,CNN Brasil,https://www.cnnbrasil.com.br/politica/entrevista-lula-minerais-criticos/,news_media,secondary_reported,,BRA
PS-0236,2025-08-12,2025,BOL,Alberto Pérez,"President, Comité Cívico Potosinista (Comcipo)",other,"Other (business, civil society, third countries)",BOL,Comcipo,interview,Committee vote on Uranium One contract,lithium,253090;282520;283691,labor_social_conflict;sovereignty,RUS,not_mentioned,not_mentioned,Uranium One Group; Comcipo,Comcipo's president demanded that the lithium contracts be left for the next government and legislature rather than approved by the outgoing administration.,"Queremos que estos contratos no se traten en esta gestión de gobierno, sino la próxima","We want these contracts not to be dealt with by this administration, but by the next one",es,EJU.tv,https://eju.tv/?p=4720246,news_media,secondary_reported,,BOL
PS-0237,2025-08-12,2025,BOL,"Comisión de Economía Plural, Cámara de Diputados",Chamber of Deputies committee,legislature_body,LatAm legislature,BOL,,legislative_debate,Committee vote on Uranium One lithium contract,lithium,253090;282520;283691,foreign_investment;value_added_industrialization,RUS,not_mentioned,not_mentioned,Uranium One Group; YLB; Salar de Uyuni,"The Plural Economy committee approved in general the US$975m Uranium One lithium contract by 9 votes to 2 (4 null) amid incidents, sending it to the full Chamber.","No es que la comisión aprueba y ya está, es un procedimiento legislativo que sigue su curso",It's not that the committee approves and that's it; it's a legislative procedure that continues its course,es,EJU.tv,https://eju.tv/?p=4720246,news_media,secondary_reported,Quote by committee president Hernán Hinojosa (MAS) reported by ABC Color/EFE: https://www.abc.com.py/internacionales/2025/08/13/contrato-con-firma-rusa-para-explotar-litio-boliviano-pasa-primer-filtro-en-el-legislativo/,BOL
PS-0238,2025-08-12,2025,CHL,Jeannette Jara,Presidential candidate (Unidad por Chile),political_party_candidate,LatAm party/candidate,CHL,Partido Comunista,campaign_statement,Campaign remarks on economic program,copper;lithium,253090;260300;282520;283691;740200;740311,state_control_nationalization,none,not_mentioned,not_mentioned,Codelco; SQM,"Jara repeated that copper and lithium would not be nationalised, said she favoured a national lithium company but would respect the Codelco-SQM agreement if approved, calling her earlier nationalisation proposal an error.",No se nacionalizará el cobre ni el litio,Neither copper nor lithium will be nationalised,es,El Mostrador,https://www.elmostrador.cl/noticias/pais/2025/08/12/jara-destaca-reforma-previsional-y-vuelve-a-repetir-no-se-nacionalizara-el-cobre-ni-el-litio/,news_media,secondary_reported,,CHL
PS-0239,2025-08-13,2025,PER,Zhao Jing (Ivo Zhao),"Chief Executive Officer, MMG Ltd",other,China,CHN,China Minmetals (state-owned),press_conference,MMG interim results call,copper,260300;740200;740311,labor_social_conflict;foreign_investment,none,not_mentioned,not_mentioned,Las Bambas; MMG; China Minmetals,"MMG's CEO warned that Peru's 2026 elections raised the risk of protests affecting Las Bambas, noted unresolved conflicts over the road corridor, and said the company must plan for contingencies while keeping its 2025 output guidance.",,,en,Energiminas (citing Bloomberg),https://energiminas.com/2025/08/13/mmg-advierte-que-elecciones-en-peru-representan-un-riesgo-para-la-mina-las-bambas/,news_media,secondary_reported,"Only Spanish translation of English-language call seen, so quote left empty; speaker heads subsidiary of Chinese SOE China Minmetals",PER
PS-0240,2025-08-20,2025,ARG,Alvin Holsey,"Commander, U.S. Southern Command",us_central_gov,United States,USA,U.S. Department of Defense,speech,"South American Defense Conference, Buenos Aires",mining_general,,geopolitics_security;infrastructure_ports;sovereignty,CHN,negative,positive,,"Speaking in Buenos Aires, Holsey warned that the Chinese Communist Party is methodically advancing in the region to extract resources and build dual-use infrastructure from ports to space.","El Partido Comunista Chino continúa su incursión metódica en la región, buscando exportar su modelo autoritario","The Chinese Communist Party continues its methodical incursion in the region, seeking to export its authoritarian model",es,La Estrella de Panamá (EFE),https://www.laestrella.com.pa/mundo/comando-sur-alerta-en-buenos-aires-sobre-la-expansion-autoritaria-de-china-en-la-region-PA15372937,news_media,secondary_reported,Quote is Spanish rendering of English remarks; resource extraction mentioned generically,USA_gov
PS-0241,2025-08-20,2025,BOL,Luis Arce,President of Bolivia,head_of_state,LatAm executive,BOL,Movimiento al Socialismo (MAS),interview,After first round of 2025 general election,lithium,253090;282520;283691,foreign_investment;value_added_industrialization,CHN;RUS,not_mentioned,not_mentioned,YLB; CBC; Uranium One Group,Arce said the evista faction and opposition deliberately allied to block the lithium contracts and that these and other contracts were at risk with the arrival of a new government.,"esos contratos, sin duda, y otros están en riesgo por la aparición de un nuevo Gobierno","those contracts, without doubt, and others are at risk because of the arrival of a new Government",es,Correo del Sur,https://correodelsur.com/economia/20250820/con-la-llegada-del-nuevo-gobierno-arce-afirma-que-los-contratos-del-litio-estan-en-riesgo.html,news_media,secondary_reported,,BOL
PS-0242,2025-08-25,2025,BOL,Jorge 'Tuto' Quiroga,"Presidential candidate (runoff), Libre alliance",political_party_candidate,LatAm party/candidate,BOL,Alianza Libre,campaign_statement,2025 presidential runoff campaign,lithium,253090;282520;283691,geopolitics_security;foreign_investment,CHN;RUS,negative,not_mentioned,CATL; CBC; Uranium One Group,"Quiroga demanded that the roughly US$2bn lithium contracts with Russia's Uranium One and China's CATL-led consortium be halted, saying Congress would not approve them.","Párenlos, no se van a aprobar y el Congreso no va a aprobar esos contratos","Stop them, they will not be approved and Congress will not approve those contracts",es,TVN Panamá (AFP),https://www.tvn-2.com/mundo/suramerica/candidato-quiroga-exige-frenar-contratos_1_2203435.html,news_media,secondary_reported,,BOL
PS-0243,2025-08-25,2025,REG,Guo Jiakun,"Spokesperson, Ministry of Foreign Affairs of China",china_central_gov,China,CHN,CCP,press_conference,Response to SOUTHCOM commander's remarks at South American Defense Conference in Argentina,mining_general,,geopolitics_security;sovereignty;diplomatic_relations,USA;ARG,positive,negative,US Southern Command,"Responding to the US Southern Command chief's claim in Argentina that China was infiltrating the Western Hemisphere and grabbing resources, Guo Jiakun said the US has long interfered in and sought to control Latin America and that the region is nobody's backyard.",拉美和加勒比不是谁的后院，中拉合作不针对第三方，也不应受到第三方的干扰。,Latin America and the Caribbean is nobody's backyard; China-LAC cooperation does not target any third party and should not be interfered with by any third party.,zh,ifeng.com,https://news.ifeng.com/c/8m6jJ98fkpY,news_media,secondary_reported,"US remark referred to 'resources' generally, not a specific mineral; borderline relevance. MFA transcript not fetched.",CHN_gov
PS-0244,2025-08-29,2025,BRA,Luiz Inácio Lula da Silva,President of Brazil,head_of_state,LatAm executive,BRA,PT,speech,"Inauguration of Acelen Renováveis innovation centre, Montes Claros (MG)",critical_minerals_general;rare_earths,284690,sovereignty;state_control_nationalization,none,not_mentioned,not_mentioned,,"Lula said nobody will 'put a finger' on Brazil's critical minerals and rare earths, and announced that the government council on critical minerals (via the CNPM) would begin work the following week.",Ninguém vai colocar o dedo nos nossos minerais críticos e terras raras porque é nosso e nós vamos tomar conta disso.,No one will put a finger on our critical minerals and rare earths because they are ours and we will take care of them.,pt,Poder360,https://www.poder360.com.br/poder-governo/lula-diz-que-conselho-dos-minerais-criticos-comeca-em-setembro/,news_media,secondary_reported,,BRA
PS-0245,2025-09,2025,BRA,U.S. International Development Finance Corporation (DFC),US development finance agency,us_central_gov,United States,USA,Trump administration,official_statement,DFC financing for Aclara Resources rare earth project in central-west Brazil,rare_earths,284690,financing_credit;foreign_investment;geopolitics_security,CHN,negative,positive,Aclara Resources,"DFC approved financing in September 2025 for Aclara Resources' rare earth project in central-west Brazil, including a convertible arrangement for future equity participation, as part of US efforts to diversify rare earth supply from China.",,,en,Reporte Minero,https://www.reporteminero.cl/noticia/noticias/2025/11/eeuu-financia-serra-verde-tierras-raras-brasil,news_media,secondary_reported,Exact day unknown; stance_china inferred from stated diversification aim,USA_gov
PS-0246,2025-09-10,2025,ARG,Luis Lucero,Secretary of Mining of Argentina,other_executive,LatAm executive,ARG,,legislative_debate,"Senate Mining, Energy and Fuels Committee",copper,260300;740200;740311,energy_transition;infrastructure_ports;foreign_investment,none,not_mentioned,not_mentioned,San Juan copper projects; Ferrocarril San Martín,"Lucero told senators Argentina's copper is already sold given world demand, that it could produce 1.23 Mt and about 6% of world output, and that copper is critical for electrification and AI, stressing rail, power and port needs.",nuestro cobre está vendido. El mundo lo demanda,our copper is sold. The world demands it,es,Diario de Cuyo,https://www.diariodecuyo.com.ar/cuyominero/lucero-secretario-de-mineria-de-la-nacion-estuvo-en-el-senado-y-hablo-del-futuro-de-un-mineral-clave-nuestro-cobre-esta-vendido-1769348.html,news_media,secondary_reported,,ARG
PS-0247,2025-09-15,2025,BRA,Alexandre Silveira,Minister of Mines and Energy of Brazil,minister_cabinet,LatAm executive,BRA,PSD,official_statement,Announcement of restructured National Council of Mineral Policy (CNPM),rare_earths;critical_minerals_general;lithium,253090;282520;283691;284690,value_added_industrialization;geopolitics_security;export_controls,CHN,negative,not_mentioned,CNPM,"Silveira announced the restructured National Council of Mineral Policy, chaired by Lula, prioritising critical minerals and rare earths, domestic industrialisation and fertiliser self-sufficiency, citing China's April 2025 restriction on rare-earth magnet exports as a supply-chain vulnerability.",planejar de forma mais estruturada a exploração mineral no país,plan mineral exploration in the country in a more structured way,pt,Congresso em Foco,https://www.congressoemfoco.com.br/noticia/111948/governo-reestrutura-conselho-mineral-com-foco-em-terras-raras,news_media,secondary_reported,stance_china 'negative' reflects framing of export-control risk; arguably neutral,BRA
PS-0248,2025-09-18,2025,BRA,Glauber Braga,Federal Deputy (PSOL-RJ),legislator,LatAm legislature,BRA,PSOL,legislative_debate,Chamber vote on urgency for PL 2780/2024,critical_minerals_general,,sovereignty;foreign_investment,none,not_mentioned,not_mentioned,PL 2780/2024,"Opposing urgency for the critical minerals bill, Glauber Braga argued it would hand Brazil's critical and strategic minerals to foreign capital on a silver platter.",,,pt,Agência iNFRA,https://agenciainfra.com/blog/camara-aprova-urgencia-para-politica-de-minerais-criticos/,news_media,secondary_reported,Quote seen only in translation,BRA
PS-0249,2025-09-18,2025,BRA,Hugo Motta,President of the Chamber of Deputies,legislator,LatAm legislature,BRA,Republicanos,legislative_debate,Chamber vote approving urgency for PL 2780/2024 (369-38),critical_minerals_general;rare_earths,284690,environment_water;value_added_industrialization,none,not_mentioned,not_mentioned,PL 2780/2024,"After the Chamber approved urgency for the critical minerals bill by 369 to 38, Motta said the Chamber intended to lead a major debate on critical minerals and rare earths, ensuring exploitation with environmental respect, productivity and competitiveness.",,,pt,Agência iNFRA,https://agenciainfra.com/blog/camara-aprova-urgencia-para-politica-de-minerais-criticos/,news_media,secondary_reported,Quote seen only in translation,BRA
PS-0250,2025-09-23,2025,PER,Rohel Sánchez,Regional Governor of Arequipa,subnational_gov,LatAm executive,PER,,interview,Start of Tía María construction,copper,260300;740200;740311,foreign_investment;royalties_taxation;labor_social_conflict,none,not_mentioned,not_mentioned,Tía María; Southern Copper; Grupo México,Sánchez said Southern had all authorizations to begin building Tía María in October 2025 and that the region would monitor the company's social commitments.,ya están listos para operar. Es un tema de que fijen la fecha,they are already ready to operate. It is a matter of setting the date,es,Forbes Perú,https://forbes.pe/economia-y-finanzas/2025-09-23/tia-maria-comenzara-construccion-en-octubre-segun-gobernador-de-arequipa/,news_media,secondary_reported,,PER
PS-0251,2025-09-27,2025,PER,Jorge Montero,Minister of Energy and Mines of Peru,minister_cabinet,LatAm executive,PER,,speech,"PERUMIN 37, Arequipa",copper;lithium;mining_general,253090;260300;282520;283691;740200;740311,foreign_investment,JPN,not_mentioned,not_mentioned,Mitsui; Sumitomo; Mitsubishi,"At PERUMIN, Montero said Peru will remain an enormous opportunity for global mining for 25-30 years thanks to its geology and legal framework, and reported meetings with Japanese investors Mitsui, Sumitomo and Mitsubishi.","El Perú seguirá siendo, en los próximos 25 a 30 años, una oportunidad enorme para el desarrollo de la minería global","Peru will remain, over the next 25 to 30 years, an enormous opportunity for the development of global mining",es,Energiminas,https://energiminas.com/2025/09/27/ministro-montero-el-peru-seguira-siendo-en-los-proximos-25-a-30-anos-una-oportunidad-enorme-para-el-desarrollo-de-la-mineria-global/,news_media,secondary_reported,,PER
PS-0252,2025-10-09,2025,ARG,Scott Bessent,U.S. Secretary of the Treasury,us_central_gov,United States,USA,Republican (Trump administration),interview,Fox News interview defending US$20bn US-Argentina currency swap,rare_earths;critical_minerals_general,284690,geopolitics_security;foreign_investment;financing_credit,CHN;ARG,negative,positive,US Treasury-BCRA swap line,"Bessent said Milei was committed to getting China out of Argentina and that Argentina is rich in rare earths and uranium, with the government committed to the arrival and collaboration of private US companies.",,,en,Canal 26,https://www.canal26.com/politica/2025/10/10/scott-bessent-aseguro-que-javier-milei-esta-comprometido-con-sacar-a-china-de-argentina/,news_media,secondary_reported,"Original remarks in English; source reports them only in Spanish translation, so quote fields left empty. Uranium also mentioned (not in vocabulary). China embassy rebuttal reported by Perfil.",USA_gov
PS-0253,2025-10-16,2025,BRA,Alexandre Silveira,Minister of Mines and Energy of Brazil,minister_cabinet,LatAm executive,BRA,PSD,speech,"Installation of the National Council of Mineral Policy (CNPM), Brasília, with Lula",rare_earths;niobium;copper;critical_minerals_general,260300;261590;284690;720293;740200;740311,diplomatic_relations;foreign_investment;value_added_industrialization,USA,not_mentioned,positive,CNPM,"At the installation of the mineral policy council, Silveira said Brazil's abundant rare earths, niobium and copper offered a great opportunity and a window for synergy with the US, ahead of his meeting with US Energy Secretary Chris Wright.",Isso abre uma janela de oportunidade muito grande para que possamos construir uma sinergia com os Estados Unidos nessa área,This opens a very large window of opportunity for us to build synergy with the United States in this area,pt,Jovem Pan,https://jovempan.com.br/politica/alexandre-silveira-destaca-potencial-de-parceria-com-eua-em-minerais-criticos/,news_media,secondary_reported,See also eixos 16 Oct 2025; council described as advising Lula on rare earths (Times Brasil),BRA
PS-0254,2025-10-23,2025,BRA,Luiz Inácio Lula da Silva,President of Brazil,head_of_state,LatAm executive,BRA,PT,speech,"Brazil-Indonesia business forum, Jakarta",critical_minerals_general,,value_added_industrialization;processing_refining;foreign_investment,other,not_mentioned,not_mentioned,,"In Jakarta, Lula said Brazil already holds about 10% of world critical-mineral reserves with only 30% of its territory mapped, and that Brazil does not want to remain a mere commodity exporter but to add value domestically, citing Indonesia's downstream processing policy as an example.",Não queremos reproduzir a condição de meros exportadores de commodities. Queremos agregar valor em nosso território,We do not want to reproduce the condition of mere commodity exporters. We want to add value in our territory,pt,CNN Brasil,https://www.cnnbrasil.com.br/economia/macroeconomia/brasil-quer-processar-minerais-criticos-nao-exportar-commodity-diz-lula/,news_media,secondary_reported,counterpart 'other' = Indonesia; days before Lula-Trump meeting in Kuala Lumpur,BRA
PS-0255,2025-11-07,2025,BOL,José Luis Lupo,Senior economic adviser to President-elect Rodrigo Paz,other_executive,LatAm executive,BOL,Partido Demócrata Cristiano (PDC),interview,Bloomberg interview on transition lithium policy,lithium,253090;282520;283691,corruption_governance;foreign_investment,CHN;RUS,not_mentioned,not_mentioned,CATL; CBC; Uranium One Group; YLB,"Paz's economic adviser said the incoming government would review the CATL and Uranium One lithium contracts, keeping anything positive, but believed they had been negotiated behind the regions' backs.","Si hubiera algo positivo que retomar, se va a retomar. Pero nosotros creemos que esos contratos de litio han sido hechos a espaldas de las regiones","If there is something positive to take up, it will be taken up. But we believe those lithium contracts were made behind the regions' backs",es,Bloomberg Línea,https://www.bloomberglinea.com/latinoamerica/bolivia/el-nuevo-gobierno-de-bolivia-quiere-reescribir-las-reglas-del-litio-en-plena-crisis-economica/,news_media,secondary_reported,Pre-inauguration (Paz took office 8 Nov 2025).,BOL
PS-0256,2025-11-07,2025,BOL,Luis Arce,President of Bolivia (outgoing),head_of_state,LatAm executive,BOL,Movimiento al Socialismo (MAS),interview,End of term; lithium contract future,lithium,253090;282520;283691,foreign_investment;value_added_industrialization,CHN;RUS,not_mentioned,not_mentioned,CATL; Uranium One Group; YLB,Outgoing President Arce warned that restarting lithium policy from scratch would be very costly and Bolivia could miss the opportunity.,Empezar de cero significaría un gran costo... Podemos perder el tren,Starting from scratch would mean a great cost... We could miss the train,es,Bloomberg Línea,https://www.bloomberglinea.com/latinoamerica/bolivia/el-nuevo-gobierno-de-bolivia-quiere-reescribir-las-reglas-del-litio-en-plena-crisis-economica/,news_media,secondary_reported,Exact date of Arce's remark may predate article.,BOL
PS-0257,2025-11-07,2025,BRA,U.S. International Development Finance Corporation (DFC),US development finance agency,us_central_gov,United States,USA,Trump administration,official_statement,"DFC financing for Serra Verde Pela Ema rare earth mine, Goiás",rare_earths,284690,financing_credit;geopolitics_security;foreign_investment,CHN,negative,positive,Serra Verde; Pela Ema mine,"DFC approved up to $465 million in financing for Serra Verde's rare earth mine in Goiás, part of Western efforts to reduce reliance on China for rare earths.",,,en,Bloomberg Government,https://news.bgov.com/environment-and-energy/us-backs-brazilian-rare-earth-project-with-465-million-funding,news_media,secondary_reported,Stance_china inferred from stated aim of diversifying from China,USA_gov
PS-0258,2025-11-10,2025,CHL,State Administration for Market Regulation (SAMR),PRC antitrust regulator,china_central_gov,China,CHN,CCP,decree_or_regulation,Conditional merger clearance of Codelco-SQM lithium joint venture,lithium,253090;282520;283691,trade_deals_offtake;export_controls;geopolitics_security,CHL,positive,not_mentioned,Codelco; SQM; NovaAndino Litio; Tianqi,"China's SAMR conditionally approved the Codelco-SQM lithium JV, requiring the parties to make best efforts to keep supplying lithium carbonate to Chinese customers and not refuse, restrict or delay supply.","they should not turn down, restrict or delay supply to Chinese clients","they should not turn down, restrict or delay supply to Chinese clients",en,Mining Weekly (Reuters),https://www.miningweekly.com/article/china-grants-conditional-approval-for-codelco-sqm-lithium-joint-venture-2025-11-10,news_media,secondary_reported,Quote is English translation of SAMR condition as reported by Reuters,CHL
PS-0259,2025-11-13,2025,ARG,Governments of the United States and Argentina,Joint statement (White House),us_central_gov,United States,USA,,joint_declaration_or_mou,Framework for US-Argentina Agreement on Reciprocal Trade and Investment,critical_minerals_general,,trade_deals_offtake;tariffs_trade_policy;export_controls;geopolitics_security,USA,negative,positive,,"The joint framework commits both countries to cooperate on investment and trade in critical minerals, Argentina to cooperate against non-market policies of other countries, and both to align approaches on export controls and investment security.",Argentina and the United States will cooperate to facilitate investment and trade in critical minerals.,Argentina and the United States will cooperate to facilitate investment and trade in critical minerals.,en,Compilation of Presidential Documents (govinfo),https://www.govinfo.gov/content/pkg/DCPD-202501117/html/DCPD-202501117.htm,primary_official,primary_verified,"China not named; 'non-market policies of other countries' widely read as China, coded negative implicitly.",ARG
PS-0260,2025-11-13,2025,ARG,Governments of the United States and Argentina (joint statement),White House / USTR joint statement with Argentina,us_central_gov,United States,USA,Trump administration,joint_declaration_or_mou,Framework for US-Argentina Agreement on Reciprocal Trade and Investment,critical_minerals_general;lithium,253090;282520;283691,trade_deals_offtake;foreign_investment;tariffs_trade_policy,ARG,not_mentioned,positive,,"The reciprocal trade framework announced by the White House includes a commitment that Argentina and the US will cooperate to facilitate investment and trade in critical minerals, building on the August 2024 MoU.",Argentina y Estados Unidos cooperarán para facilitar la inversión y el comercio de minerales críticos,Argentina and the United States will cooperate to facilitate investment and trade in critical minerals,es,MDZ Online,https://www.mdzol.com/dinero/acuerdo-estados-unidos-se-facilitara-el-comercio-minerales-criticos-n1385355,news_media,secondary_reported,Quote is Spanish translation of the English joint statement; article dated 14 Nov 2025; WH fact sheet of 13 Nov 2025 does not mention minerals,USA_gov
PS-0261,2025-11-18,2025,BOL,Marco Antonio Calderón de la Barca,Minister of Mining and Metallurgy,minister_cabinet,LatAm executive,BOL,Paz government,official_statement,New government mining agenda,zinc;silver;tin;mining_general,260800;261610;710691;800110,foreign_investment;labor_social_conflict,none,not_mentioned,not_mentioned,,"The new mining minister said Bolivia must increase the number of mining operations, offer legal certainty for foreign investment, and formalize cooperatives, noting mining provides over half of export earnings.",Tenemos que incrementar el número de operaciones mineras para que este aporte sea aún mayor,We have to increase the number of mining operations so that this contribution is even greater,es,Reporte Minero,https://www.reporteminero.cl/noticia/noticias/2025/11/ministro-mineria-bolivia-marco-calderon-2025,news_media,secondary_reported,,BOL
PS-0262,2025-11-24,2025,PER,José Jerí,President of Peru (interim),head_of_state,LatAm executive,PER,Somos Perú,interview,TV interview (El Valor de la Verdad) on REINFO extension,mining_general,,corruption_governance;labor_social_conflict,none,not_mentioned,not_mentioned,REINFO,"Jerí said a one-year REINFO extension seemed reasonable rather than the two years proposed by Congress's commission, acknowledging families depend on informal mining and not wanting to leave a complicated situation to the next government.",Un año me suena razonable,One year sounds reasonable to me,es,Energiminas,https://energiminas.com/2025/11/24/un-ano-mas-me-parece-razonable-presidente-jeri-sobre-ampliacion-del-reinfo/,news_media,secondary_reported,,PER
PS-0263,2025-12,2025,REG,The White House (Trump administration),National Security Strategy of the United States,us_central_gov,United States,USA,Republican,report,"2025 National Security Strategy, 'Trump Corollary' to the Monroe Doctrine",critical_minerals_general,,geopolitics_security;foreign_investment;sovereignty,none,negative,positive,,"The NSS says the Western Hemisphere holds strategic resources the US should develop with regional allies, orders an interagency process to identify strategic points and resources for protection and joint development, and pledges to deny non-Hemispheric competitors ownership or control of strategically vital assets.",The Western Hemisphere is home to many strategic resources that America should partner with regional allies to develop,The Western Hemisphere is home to many strategic resources that America should partner with regional allies to develop,en,The White House,https://www.whitehouse.gov/wp-content/uploads/2025/12/2025-National-Security-Strategy.pdf,primary_official,primary_verified,"Document dated November 2025, published early December 2025; China implied as 'non-Hemispheric competitor' (stance inferred)",USA_gov
PS-0264,2025-12-04,2025,PER,Congress of the Republic of Peru,Plenary of Congress,legislature_body,LatAm legislature,PER,,legislative_debate,First vote extending REINFO to 31 Dec 2026,mining_general,,corruption_governance;labor_social_conflict,none,not_mentioned,not_mentioned,REINFO,"The plenary voted 60-36-8 to extend REINFO until 31 December 2026 or until a new small-scale and artisanal mining law takes effect, while rejecting provisions to suspend exclusions; the second vote was set for the Permanent Commission on 17 December.",,,es,El Búho,https://elbuho.pe/2025/12/congreso-aprueban-ampliacion-del-reinfo-hasta-el-31-de-diciembre-de-2026/,news_media,secondary_reported,,PER
PS-0265,2025-12-08,2025,BOL,Rodrigo Paz,President of Bolivia,head_of_state,LatAm executive,BOL,Partido Demócrata Cristiano (PDC),speech,Lithium policy amid US-China competition,lithium,253090;282520;283691,value_added_industrialization;royalties_taxation,none,not_mentioned,not_mentioned,,"Paz said lithium is not a project in itself but a leverage base so that Bolivia's nine departments have capacity, proposing that the state manage 50% of mining resources.","El litio no es un proyecto en sí mismo, sino que es una base de apalancamiento para que los nueve departamentos tengan la capacidad","Lithium is not a project in itself, but a leverage base so that the nine departments have the capacity",es,Los Tiempos,https://www.lostiempos.com/actualidad/economia/20251208/china-eeuu-pugnan-triangulo-del-litio-del-que-forma-parte-bolivia,news_media,secondary_reported,Date is article date; date of Paz's remark may be earlier.,BOL
PS-0266,2025-12-09,2025,BRA,"Comissão de Assuntos Econômicos (CAE), Senado Federal",Senate Economic Affairs Committee,legislature_body,LatAm legislature,BRA,,legislative_debate,CAE vote on PL 4443/2025 (Senate critical minerals bill),critical_minerals_general,,value_added_industrialization,none,not_mentioned,not_mentioned,PL 4443/2025; PL 2780/2024,"The Senate Economic Affairs Committee approved Senator Esperidião Amin's report on an alternative critical minerals bill (PL 4443/2025), sending it to the Infrastructure Committee, while the Chamber's PL 2780/2024 vote was postponed to 2026.",,,pt,Agência iNFRA,https://agenciainfra.com/blog/?p=33602,news_media,secondary_reported,"Same article quotes Jardim: 'Como ficou lotado de pautas, vai ficar para fevereiro'",BRA
PS-0267,2025-12-10,2025,REG,Government of the People's Republic of China,Central government (policy paper issued via Xinhua),china_central_gov,China,CHN,CCP,report,Third China's Policy Paper on Latin America and the Caribbean,mining_general;critical_minerals_general,,energy_transition;environment_water;trade_deals_offtake;foreign_investment;diplomatic_relations,none,positive,not_mentioned,,"China's third policy paper on LAC, under its energy and resources cooperation section, pledges full-industrial-chain energy cooperation and green development and use of mineral resources across all stages. It also proposes mechanisms for long-term supply of energy and resource products with local-currency pricing and settlement.",加强矿产资源各环节绿色开发利用,Strengthen the green development and utilization of mineral resources across all links,zh,Xinhua (news.cn),https://www.news.cn/world/20251210/b545159c29b8403b9abe934f261f57b6/c.html,primary_official,primary_verified,Section (五) 能源资源合作; full text published by Xinhua; English version referenced at english.www.gov.cn content_WS693962c3c6d00ca5f9a08069,CHN_gov
PS-0268,2025-12-11,2025,ECU,Javier Subía,Vice Minister of Mines of Ecuador,other_executive,LatAm executive,ECU,Noboa government,interview,Mining cadastre reopening plans,copper;silver;mining_general,260300;261610;710691;740200;740311,foreign_investment;corruption_governance,none,not_mentioned,not_mentioned,Loma Larga; ARCOM,"The vice minister said the cadastre for medium and large metallic mining would reopen in 2026 after eight years closed, calling 2026 the big year for large-scale metal mining, and said Loma Larga remained suspended.",,,es,Primicias,https://www.primicias.ec/economia/2026-minas-oro-plata-cobre-mineria-catastro-ecuador-111611/,news_media,secondary_reported,Spanish wording not captured; paraphrased.,COL_ECU_PAN
PS-0269,2025-12-11,2025,PER,Hugo de Zela,Minister of Foreign Affairs of Peru,minister_cabinet,LatAm executive,PER,,press_conference,Evaluation of critical minerals MoU with the US,copper;critical_minerals_general,260300;740200;740311,trade_deals_offtake;diplomatic_relations,USA,not_mentioned,positive,,"De Zela said Peru was evaluating a memorandum of understanding with the United States on critical minerals, noting Washington's strong interest given Peru's status as the third-largest copper producer.",Peru is evaluating a memorandum of understanding with the United States on critical minerals,Peru is evaluating a memorandum of understanding with the United States on critical minerals,en,Mining Reporters,https://www.miningreporters.com/noticia/news/2025/12/peru-weighs-agreement-us-critical-minerals-hugo-de-zela,news_media,secondary_reported,English translation of Spanish remarks,PER
PS-0270,2025-12-17,2025,COL,Edwin Palma,Minister of Mines and Energy of Colombia,minister_cabinet,LatAm executive,COL,Petro government,official_statement,Launch of mining round of 14 Strategic Mining Areas,copper;mining_general,260300;740200;740311,energy_transition;foreign_investment;value_added_industrialization,none,not_mentioned,not_mentioned,ANM; Áreas Estratégicas Mineras,"The minister opened a new mining round offering 14 Strategic Mining Areas with copper, gold and polymetallic potential, presented as supporting the energy transition and reindustrialization.","Estas 14 Áreas Estratégicas Mineras son territorios libres, categorizados y con alto potencial mineral, que ya cuentan con certificaciones ambientales","These 14 Strategic Mining Areas are free, categorized territories with high mineral potential that already have environmental certifications",es,Portafolio,https://www.portafolio.co/energia/fue-abierta-una-nueva-ronda-minera-con-14-areas-estrategicas-para-impulsar-la-transicion-energetica-484836,news_media,secondary_reported,,COL_ECU_PAN
PS-0271,2026-01-16,2026,BOL,Mauricio Medinaceli,Minister of Hydrocarbons and Energy,minister_cabinet,LatAm executive,BOL,Paz government,official_statement,Investment certainty for energy and lithium,lithium,253090;282520;283691,foreign_investment;corruption_governance,CHN;RUS,neutral,not_mentioned,,"Medinaceli said the government would honor existing agreements, including those with China- and Russia-linked firms, to give predictability to investors, while pledging more contract transparency and independent resource certification.",previsibilidad a quienes ya invirtieron,predictability to those who have already invested,es,Reporte Minero,https://www.reporteminero.cl/noticia/noticias/2026/01/bolivia-respetara-contratos-litio-hidrocarburos-transparencia-inversion,news_media,secondary_reported,,BOL
PS-0272,2026-01-21,2026,BRA,Ministério de Minas e Energia (Ana Paula Bittencourt),"Ministry of Mines and Energy; National Secretary of Geology, Mining and Mineral Transformation",other_executive,LatAm executive,BRA,,official_statement,Launch of studies for a National Rare Earths Strategy,rare_earths,284690,value_added_industrialization;processing_refining;energy_transition,none,not_mentioned,not_mentioned,,"The MME began technical studies to formulate a National Rare Earths Strategy with guidelines, targets and instruments for exploration, processing and use, linked to industrial and energy transition policy.","Queremos avançar da produção primária para a transformação mineral, capturando mais valor","We want to move from primary production to mineral transformation, capturing more value",pt,eixos,https://eixos.com.br/transicao-energetica/mme-inicia-estudo-para-estruturar-estrategia-nacional-de-terras-raras/,news_media,secondary_reported,,BRA
PS-0273,2026-01-26,2026,BOL,José Gabriel Espinoza,Minister of Economy and Public Finance,minister_cabinet,LatAm executive,BOL,Paz government,interview,New lithium law design,lithium,253090;282520;283691,foreign_investment;state_control_nationalization,none,not_mentioned,not_mentioned,,Espinoza said Bolivia could adopt an intermediate model for lithium with state participation but a large opening to private investment.,podemos jugar en un escenario intermedio,we can play in an intermediate scenario,es,Bloomberg Línea,https://www.bloomberglinea.com/latinoamerica/bolivia/bolivia-impulsaria-nueva-ley-de-litio-con-reglas-claras-y-participacion-de-inversion-privada/,news_media,secondary_reported,,BOL
PS-0274,2026-01-26,2026,BOL,Rodrigo Paz,President of Bolivia,head_of_state,LatAm executive,BOL,Partido Demócrata Cristiano (PDC),speech,Event in Potosí; announcement of new lithium law,lithium,253090;282520;283691,foreign_investment;corruption_governance,none,not_mentioned,not_mentioned,YLB; Salar de Uyuni,"Paz said Bolivia needs a new evaporites (lithium) law with clear rules to attract investment, and criticized the Arce government's lithium contracts that 'nobody knows'.","Tenemos que desarrollar una nueva ley de evaporíticos, o sea del litio","We have to develop a new law on evaporites, that is, on lithium",es,Bloomberg Línea,https://www.bloomberglinea.com/latinoamerica/bolivia/bolivia-impulsaria-nueva-ley-de-litio-con-reglas-claras-y-participacion-de-inversion-privada/,news_media,secondary_reported,Also Correo del Sur 27 Jan 2026: https://correodelsur.com/economia/20260127/paz-bolivia-necesita-nueva-ley-del-litio.html,BOL
PS-0275,2026-01-28,2026,BOL,José Gabriel Espinoza,Minister of Economy and Public Finance,minister_cabinet,LatAm executive,BOL,Paz government,interview,Review of Arce-era lithium contracts,lithium,253090;282520;283691,corruption_governance;foreign_investment,CHN;RUS,not_mentioned,not_mentioned,CBC; Uranium One Group; YLB,"Espinoza said the government was evaluating the CBC and Uranium One contracts and would break them if irregularities or economic damage were found, while minding Bolivia's international credibility.",Si se hallan irregularidades o daño económico...se romperán los contratos,If irregularities or economic damage are found... the contracts will be broken,es,Correo del Sur,https://correodelsur.com/economia/20260128/litio-evaluan-contratos-y-no-descartan-anularlos.html,news_media,secondary_reported,,BOL
PS-0276,2026-01-29,2026,MEX,Claudia Sheinbaum,President of Mexico,head_of_state,LatAm executive,MEX,Morena,press_conference,Mañanera after call with US on USMCA review and critical minerals,critical_minerals_general,,trade_deals_offtake;diplomatic_relations,USA,not_mentioned,neutral,USMCA,"Sheinbaum said critical minerals were being discussed in multilateral settings rather than in her bilateral calls, ahead of the 1 July 2026 USMCA joint review.",,,es,Uno TV,https://www.unotv.com/nacional/minerales-criticos-tmec-mexico-ee-uu/,news_media,secondary_reported,,MEX
PS-0277,2026-01-31,2026,MEX,Marcelo Ebrard,Secretary of Economy of Mexico,minister_cabinet,LatAm executive,MEX,Morena,press_conference,Planned meetings with USTR Greer on critical minerals and USMCA,critical_minerals_general;lithium;copper;nickel;cobalt;graphite,250490;253090;260300;260400;282520;283691;720260;740200;740311,trade_deals_offtake;diplomatic_relations,USA,not_mentioned,positive,USMCA,"Ebrard announced meetings on 3-4 February with USTR Greer to discuss cooperation on critical minerals such as lithium, copper, nickel, cobalt and graphite, and said the USMCA was not at risk.","Yo no veo que esté en riesgo el tratado, porque ya estamos en consultas formales los tres países, ya terminamos el proceso de consulta","I do not see the treaty at risk, because the three countries are already in formal consultations, we have already finished the consultation process",es,Uno TV,https://www.unotv.com/nacional/ebrard-se-reunira-con-ee-uu-para-negociar-explotacion-de-minerales-criticos-en-t-mec/,news_media,secondary_reported,,MEX
PS-0278,2026-02,2026,PER,Bernie Navarro,U.S. Ambassador to Peru,us_embassy,United States,USA,Trump administration,official_statement,Chancay port oversight dispute,mining_general,,sovereignty;infrastructure_ports;geopolitics_security,CHN;PER,negative,positive,Chancay port; COSCO Shipping,"Ambassador Navarro echoed the State Department warning on Chancay, saying cheap deals end up costly and that there is no higher price than losing sovereignty.","Todo tiene un precio, y a la larga lo barato sale caro. No hay precio más alto que perder soberanía","Everything has a price, and in the long run cheap turns out expensive. There is no higher price than losing sovereignty",es,Gestión,https://gestion.pe/economia/puerto-de-chancay-que-dice-cosco-shipping-ports-ante-los-cuestionamientos-de-estados-unidos-noticia/,news_media,secondary_reported,Exact day in Feb 2026 not given; minerals not explicitly mentioned,USA_gov
PS-0279,2026-02,2026,PER,Verónica Zambrano,President of Ositran (transport infrastructure regulator),other_executive,LatAm executive,PER,,interview,Court ruling exempting Chancay from regulator oversight,mining_general,,sovereignty;infrastructure_ports;corruption_governance,CHN,not_mentioned,not_mentioned,Puerto de Chancay; Cosco Shipping; Ositran,"Ositran's president warned that if the court ruling stands, Cosco would become the only public-service provider that could not be supervised.",the only company providing services to the public that could not be supervised,the only company providing services to the public that could not be supervised,en,AP via Wyoming Public Media,https://www.wyomingpublicmedia.org/2026-02-11/in-blunt-warning-the-u-s-says-peru-could-lose-its-sovereignty-to-china,news_media,secondary_reported,English translation of Spanish remarks to local media; port record,PER
PS-0280,2026-02-02,2026,CHL,Brandon Judd,U.S. Ambassador to Chile,us_embassy,United States,USA,U.S. Department of State (Trump administration),official_statement,"Meetings with US mining investors (Albemarle, EnergyX, Freeport)",lithium;copper;cobalt,253090;260300;282520;283691;740200;740311,geopolitics_security;foreign_investment;trade_deals_offtake,CHN,negative,positive,Albemarle; EnergyX; Freeport-McMoRan,"The US ambassador stressed the importance of lithium, copper and cobalt for US national security, expressed concern about China's weight as destination of Chilean lithium and criticised slow permitting.",,,es,Redimin,https://www.redimin.cl/brandon-judd-despliega-en-chile-una-ofensiva-diplomatica-para-blindar-la-inversion-estadounidense?amp=1,news_media,secondary_reported,Paraphrase; article 2 Feb 2026 summarising multiple meetings,CHL
PS-0281,2026-02-03,2026,BOL,Rodrigo Paz,President of Bolivia,head_of_state,LatAm executive,BOL,Partido Demócrata Cristiano (PDC),interview,Financial Times interview,lithium,253090;282520;283691,corruption_governance;foreign_investment;diplomatic_relations,CHN;RUS,neutral,not_mentioned,CBC; Uranium One Group,"Paz said the lithium deals signed with Russian and Chinese firms by the prior government would be respected if they are transparent, after review and public disclosure.",They will be respected if and when they are transparent.,They will be respected if and when they are transparent.,en,Sputnik International (citing Financial Times),https://92.5.118.90.traefik.me/20260203/bolivia-to-honor-transparent-lithium-deals-with-russia-china---president-1123572887.html,news_media,unverified,Seen via mirror of Sputnik page; original FT interview not seen; Russian state media source.,BOL
PS-0282,2026-02-04,2026,ARG,Marco Rubio,US Secretary of State,us_central_gov,United States,USA,Republican,speech,"Critical Minerals Ministerial, Washington DC",critical_minerals_general,,processing_refining;geopolitics_security;diplomatic_relations,ARG,not_mentioned,positive,,"Rubio said Argentina would play a key role for the world in critical minerals, highlighting not only its natural resources but also its processing expertise.",,,es,Bloomberg Línea,https://www.bloomberglinea.com/latinoamerica/argentina/argentina-avanza-en-adhesion-a-zona-de-preferencia-de-minerales-criticos-lanzada-por-eeuu/,news_media,secondary_reported,"Quote available only in Spanish rendering; original language uncertain, so paraphrased.",ARG
PS-0283,2026-02-04,2026,ARG,Pablo Quirno,Foreign Minister of Argentina,minister_cabinet,LatAm executive,ARG,La Libertad Avanza,speech,"Critical Minerals Ministerial, Washington DC",critical_minerals_general,,trade_deals_offtake;geopolitics_security;diplomatic_relations,USA,not_mentioned,positive,,"At the US-convened critical minerals ministerial where Argentina moved to join the US-launched preferential trade zone, Quirno said Argentina is committed to deepening critical-minerals cooperation with the US and secure supply chains.","Argentina está comprometida en profundizar la cooperación con los Estados Unidos en materia de minerales críticos, apoyando cadenas de suministro seguras","Argentina is committed to deepening cooperation with the United States on critical minerals, supporting secure supply chains",es,Bloomberg Línea,https://www.bloomberglinea.com/latinoamerica/argentina/argentina-avanza-en-adhesion-a-zona-de-preferencia-de-minerales-criticos-lanzada-por-eeuu/,news_media,secondary_reported,,ARG
PS-0284,2026-02-04,2026,BOL,Fernando Aramayo,Minister of Foreign Affairs,minister_cabinet,LatAm executive,BOL,Paz government,official_statement,"US State Department Critical Minerals Ministerial, Washington",critical_minerals_general;lithium,253090;282520;283691,diplomatic_relations;geopolitics_security,USA,not_mentioned,positive,,"Bolivia's foreign and mining ministers took part in the US-hosted critical minerals ministerial with over 50 countries, focused on diversifying supply chains away from Chinese dominance.",,,es,Los Tiempos,https://www.lostiempos.com/actualidad/pais/20260204/bolivia-participa-conferencia-eeuu-suministro-minerales-criticos,news_media,secondary_reported,Participation act; no Bolivian quote seen; stance inferred from participation.,BOL
PS-0285,2026-02-04,2026,ECU,Governments of Ecuador and the United States (Gabriela Sommerfeld),Ecuadorian Foreign Minister (signatory),other,"Other (business, civil society, third countries)",ECU,,joint_declaration_or_mou,"2026 Critical Minerals Ministerial, Washington",critical_minerals_general;rare_earths;copper;lithium;cobalt;nickel,253090;260300;260400;282520;283691;284690;720260;740200;740311,geopolitics_security;foreign_investment;processing_refining;environment_water,USA,not_mentioned,positive,,"Ecuador signed a non-binding Framework on Securing Supply in Mining and Processing of Critical Minerals and Rare Earths with the US, committing to tools to review and deter sales of critical mineral assets and to speed permitting.",revisar y disuadir la venta de activos de minerales críticos,review and deter the sale of critical mineral assets,es,Primicias,https://www.primicias.ec/economia/tierras-raras-acuerdo-estados-unidos-proyectos-ecuador-activos-estrategicos-116336/,news_media,secondary_reported,US State Dept ministerial readout lists Ecuador among 11 signatories (globalsecurity.org mirror mil-260204-state02).,COL_ECU_PAN
PS-0286,2026-02-04,2026,ECU,U.S. Department of State,"Signatory, US-Ecuador framework on critical minerals and rare earths",us_central_gov,United States,USA,Trump administration,joint_declaration_or_mou,"2026 Critical Minerals Ministerial, Washington; signed with FM Gabriela Sommerfeld",critical_minerals_general;rare_earths,284690,foreign_investment;financing_credit;geopolitics_security;environment_water;trade_deals_offtake,ECU,not_mentioned,positive,,"The non-binding US-Ecuador framework gives both sides six months to identify projects and mobilize financing (equity, guaranteed loans, offtake), commits them to accelerate or simplify permitting including environmental licences, and to develop tools to review and discourage sales of critical mineral assets for national security reasons.",,,es,Primicias,https://www.primicias.ec/economia/tierras-raras-acuerdo-estados-unidos-proyectos-ecuador-activos-estrategicos-116336/,news_media,secondary_reported,,USA_gov
PS-0287,2026-02-04,2026,MEX,Jamieson Greer,United States Trade Representative,us_central_gov,United States,USA,Republican,official_statement,Announcement of U.S.-Mexico Action Plan on Critical Minerals,critical_minerals_general,,trade_deals_offtake;tariffs_trade_policy;geopolitics_security,USA,not_mentioned,positive,USMCA,"USTR Greer announced a U.S.-Mexico action plan to develop coordinated trade policies on critical minerals, including possible price floors for imports, within 60 days.",Today's announcement demonstrates the United States and Mexico's shared commitment to address global market distortions that have left North American critical minerals supply chains vulnerable to disruptions.,Today's announcement demonstrates the United States and Mexico's shared commitment to address global market distortions that have left North American critical minerals supply chains vulnerable to disruptions.,en,USTR,https://ustr.gov/about/policy-offices/press-office/press-releases/2026/february/ambassador-jamieson-greer-announces-us-mexico-action-plan-critical-minerals,primary_official,primary_verified,Statement does not name China explicitly; 'market distortions' widely read as referring to China.,MEX
PS-0288,2026-02-04,2026,MEX,Marcelo Ebrard,Secretary of Economy of Mexico,minister_cabinet,LatAm executive,MEX,Morena,press_conference,U.S.-Mexico Action Plan on Critical Minerals,critical_minerals_general,,trade_deals_offtake;sovereignty;diplomatic_relations,USA,not_mentioned,positive,Servicio Geológico Mexicano,"Ebrard said the Economy Ministry, which oversees the Geological Survey and mining regulation, would form a team to develop a joint work plan with the US on critical minerals, each side respecting its own laws and sovereignty.","vamos a desarrollar un plan de trabajo conjunto... cada quien, respetando sus normas legales, son diferentes las nuestras a las de ellos. Y respetando cada quien la soberanía del otro","we are going to develop a joint work plan... each respecting its legal norms, ours differ from theirs, and each respecting the other's sovereignty",es,Vanguardia,https://vanguardia.com.mx/noticias/mexico/mexico-y-eu-lanzan-plan-sobre-minerales-criticos-ebrard-dice-que-habra-plan-de-trabajo-conjunto-CO19176235,news_media,secondary_reported,,MEX
PS-0289,2026-02-04,2026,PER,Carlos Talavera Flores,Vice Minister of Mines of Peru,other_executive,LatAm executive,PER,,official_statement,"Critical Minerals Ministerial, Washington D.C.",critical_minerals_general,,trade_deals_offtake;financing_credit;energy_transition,USA,not_mentioned,positive,,"MINEM said Vice Minister Talavera led its delegation to the Washington critical minerals ministerial alongside the foreign minister, focusing on strengthening resilient global supply chains, investment conditions and financing.",,,es,Reporte Minero,https://www.reporteminero.cl/noticia/noticias/2026/02/peru-minem-reunion-ministerial-minerales-criticos-washington,news_media,secondary_reported,,PER
PS-0290,2026-02-04,2026,PER,Hugo de Zela,Minister of Foreign Affairs of Peru,minister_cabinet,LatAm executive,PER,,joint_declaration_or_mou,"Critical Minerals Ministerial, Washington D.C.; Peru-US MoU",critical_minerals_general;copper,260300;740200;740311,trade_deals_offtake;processing_refining;financing_credit;technology_transfer,USA,not_mentioned,positive,,"De Zela signed a non-binding Peru-US memorandum of understanding on critical minerals in Washington, framed as enabling joint identification of priority projects and access to US financial and technological instruments for exploration, processing and recycling.","The agreement facilitates the joint identification of priority projects, as well as access to financial and technological instruments that will contribute to boosting new investments.","The agreement facilitates the joint identification of priority projects, as well as access to financial and technological instruments that will contribute to boosting new investments.",en,Andina,https://andina.pe/ingles/noticia-perus-foreign-affairs-minister-signs-critical-minerals-mou-in-us-1061912.aspx,primary_official,primary_verified,Andina is the state news agency; quote is official English version (may be ministry wording rather than minister's own),PER
PS-0291,2026-02-04,2026,PER,U.S. Department of State,"Signatory, US-Peru critical minerals MoU",us_central_gov,United States,USA,Trump administration,joint_declaration_or_mou,"Critical Minerals Ministerial, Washington",critical_minerals_general;copper;lithium;tin,253090;260300;282520;283691;740200;740311;800110,trade_deals_offtake;financing_credit;technology_transfer,PER,not_mentioned,positive,,"The US and Peru (FM Hugo de Zela) signed a non-binding MoU on critical minerals to jointly identify priority projects and facilitate access to financing and technology, in the presence of VP Vance and Sec. Rubio.",,,en,Andina,https://andina.pe/ingles/noticia-perus-foreign-affairs-minister-signs-critical-minerals-mou-in-us-1061912.aspx,news_media,secondary_reported,,USA_gov
PS-0292,2026-02-04,2026,REG,U.S. Department of State,Host of 2026 Critical Minerals Ministerial (Sec. Marco Rubio),us_central_gov,United States,USA,Trump administration,official_statement,"2026 Critical Minerals Ministerial, Washington",critical_minerals_general;rare_earths,284690,trade_deals_offtake;financing_credit;geopolitics_security,ARG;BOL;BRA;ECU;PER;other,not_mentioned,positive,,"State Department fact sheet on the ministerial hosted by Rubio and VP Vance listed attending delegations including Argentina, Bolivia, Brazil, Ecuador, Paraguay and Peru, new bilateral critical minerals frameworks/MOUs with Argentina, Ecuador, Paraguay and Peru, and $565 million for rare earth extraction in Brazil.",,,en,U.S. Department of State (via GlobalSecurity.org),https://www.globalsecurity.org/military/library/news/2026/02/mil-260204-state02.htm,primary_official,primary_verified,Fact sheet reproduced by GlobalSecurity; 'other' = Paraguay,USA_gov
PS-0293,2026-02-05,2026,ARG,Christopher Landau,U.S. Deputy Secretary of State,us_central_gov,United States,USA,Trump administration,joint_declaration_or_mou,"Signing of US-Argentina Framework on critical minerals supply, Critical Minerals Ministerial",critical_minerals_general;lithium;copper,253090;260300;282520;283691;740200;740311,trade_deals_offtake;processing_refining;diplomatic_relations,ARG,not_mentioned,positive,,"Landau signed with FM Pablo Quirno a framework instrument to secure supply in critical minerals mining and processing, praising Argentina's leadership.","Critical minerals cooperation strengthens U.S.-Argentina ties and advances secure, sustainable supply chains.","Critical minerals cooperation strengthens U.S.-Argentina ties and advances secure, sustainable supply chains.",en,Buenos Aires Herald,https://buenosairesherald.com/business/argentina-and-us-sign-critical-minerals-agreement,news_media,secondary_reported,,USA_gov
PS-0294,2026-02-05,2026,ARG,Lin Jian,"Spokesperson, Ministry of Foreign Affairs of China",china_central_gov,China,CHN,CCP,press_conference,MFA regular press conference after US-hosted critical minerals ministerial and Argentina-US critical minerals agreement,critical_minerals_general,,geopolitics_security;trade_deals_offtake;tariffs_trade_policy,USA,positive,negative,,"Asked about the US-organised critical minerals arrangement, Lin Jian said all parties should help keep global critical-mineral supply chains stable and opposed any country using 'small circle' rules to undermine the international economic and trade order. The remarks were reported alongside Argentina's signing of a critical minerals deal with the US.",各方都有责任为维护关键矿产全球产供链稳定与安全发挥建设性作用。,All parties have a responsibility to play a constructive role in maintaining the stability and security of global critical-mineral supply chains.,zh,ifeng.com,https://news.ifeng.com/c/8qZTwaL5AxS,news_media,secondary_reported,"Article headline concerns Argentine FM saying the US deal does not exclude Chinese investment; Lin's remark addresses the US-led mechanism generally, not Argentina by name. A similar Lin Jian remark on 4 Feb 2026 is reported at news.ifeng.com/c/8qZobd1qUnI. MFA transcript not fetched.",CHN_gov
PS-0295,2026-02-05,2026,ARG,Pablo Quirno; Marco Rubio,Foreign Minister of Argentina; US Secretary of State,minister_cabinet,LatAm executive,ARG,La Libertad Avanza,joint_declaration_or_mou,"Signing of Argentina-US critical minerals agreement, Washington",critical_minerals_general;copper;lithium,253090;260300;282520;283691;740200;740311,trade_deals_offtake;foreign_investment;geopolitics_security,USA,not_mentioned,positive,,"Argentina and the US signed a bilateral critical minerals framework aimed at stronger, diversified and resilient value chains and long-term productive investment, with Argentina projecting mining exports above US$20bn within seven years.","garantizar cadenas de valor más sólidas, diversificadas y resilientes, fomentando inversiones productivas de largo plazo","ensure stronger, more diversified and resilient value chains, fostering long-term productive investment",es,Diario de Cuyo,https://www.diariodecuyo.com.ar/cuyominero/argentina-y-estados-unidos-suscribieron-un-acuerdo-sobre-minerales-criticos-1829029.html,news_media,secondary_reported,Official Cancillería release exists (cancilleria.gob.ar) but timed out on fetch.,ARG
PS-0296,2026-02-05,2026,REG,Marco Rubio,U.S. Secretary of State,us_central_gov,United States,USA,Republican,official_statement,"Close of 2026 Critical Minerals Ministerial; 11 bilateral frameworks incl. Argentina, Ecuador, Paraguay, Peru",critical_minerals_general;rare_earths,284690,trade_deals_offtake;financing_credit;geopolitics_security,ARG;ECU;PER;other,not_mentioned,positive,,"Rubio said the US and partners took a decisive step to reshape the global critical minerals and rare earths market, as 11 new bilateral agreements were signed including with Argentina, Ecuador, Paraguay and Peru.","took a decisive step to reshape the global market for critical minerals and rare earths, strengthening supply chains that underpin the world's most advanced technologies","took a decisive step to reshape the global market for critical minerals and rare earths, strengthening supply chains that underpin the world's most advanced technologies",en,UNI (United News of India),https://www.uniindia.com/news/world/us-partners-sign-11-critical-minerals-agreements-to-secure-supply-chains/3730388.html,news_media,secondary_reported,'other' = Paraguay,USA_gov
PS-0297,2026-02-09,2026,MEX,Claudia Sheinbaum,President of Mexico,head_of_state,LatAm executive,MEX,Morena,press_conference,Mañanera on US critical minerals talks and mining concessions,critical_minerals_general;mining_general,,sovereignty;state_control_nationalization;diplomatic_relations,USA,not_mentioned,neutral,,"Sheinbaum said nothing had been signed with the US on critical minerals, that Mexico would not change its mining law or open new mines as a result, and that over 200 unproductive concessions would return to the state.","No hay nada firmado… Estados Unidos investiga en su país y nosotros exploramos en el nuestro, cada quien conforme a sus propias leyes","Nothing is signed... the United States researches in its country and we explore in ours, each according to its own laws",es,Diario de Yucatán,https://www.yucatan.com.mx/mexico/2026/02/09/sheinbaum-descarta-cambios-a-la-ley-minera-ante-negociaciones-por-minerales-criticos-con-ee-uu.html,news_media,secondary_reported,,MEX
PS-0298,2026-02-10,2026,ARG,Pablo Quirno,Foreign Minister of Argentina,minister_cabinet,LatAm executive,ARG,La Libertad Avanza,press_conference,Press conference after US-Argentina critical minerals and reciprocal trade agreements,critical_minerals_general,,foreign_investment;geopolitics_security;diplomatic_relations,CHN;USA,neutral,positive,,"Quirno said the agreements with the US do not prevent China from participating in Argentine investments, noting China already has mineral investments in the country, while the pact prioritizes the US over market-manipulating economies.","Esto, a hoy, no implica que China no pueda participar o no vaya a participar en inversiones en Argentina. De hecho, tiene inversiones en Argentina, en minerales","This, as of today, does not mean China cannot or will not participate in investments in Argentina. In fact, it has investments in Argentina, in minerals",es,Reporte Minero,https://www.reporteminero.cl/noticia/noticias/2026/02/acuerdo-argentina-eeuu-minerales-criticos-no-excluye-china-quirno,news_media,secondary_reported,,ARG
PS-0299,2026-02-10,2026,PER,"U.S. Department of State, Bureau of Western Hemisphere Affairs",US State Department bureau,us_central_gov,United States,USA,,social_media_post,Court ruling exempting Chancay port from Ositran oversight,mining_general,,geopolitics_security;sovereignty;infrastructure_ports,CHN;PER,negative,not_mentioned,Puerto de Chancay; Cosco Shipping; Ositran,The State Department's WHA bureau said it was concerned Peru could be powerless to oversee Chancay under 'predatory Chinese owners' and warned that cheap Chinese money costs sovereignty.,"concerned about latest reports that Peru could be powerless to oversee Chancay, one of its largest ports, which is under the jurisdiction of predatory Chinese owners","concerned about latest reports that Peru could be powerless to oversee Chancay, one of its largest ports, which is under the jurisdiction of predatory Chinese owners",en,AP via Wyoming Public Media,https://www.wyomingpublicmedia.org/2026-02-11/in-blunt-warning-the-u-s-says-peru-could-lose-its-sovereignty-to-china,news_media,secondary_reported,Date approximate (post before 11 Feb 2026); port record,PER
PS-0300,2026-02-11,2026,ECU,Caleb Orr,"U.S. Assistant Secretary of State for Economic, Energy and Business Affairs",us_central_gov,United States,USA,Trump administration,press_conference,Press briefing on US-Ecuador framework agreement on critical minerals and rare earths,critical_minerals_general;rare_earths;copper,260300;284690;740200;740311,foreign_investment;geopolitics_security;trade_deals_offtake,ECU;CHN,neutral,positive,,"Orr said the US-Ecuador critical minerals framework, which facilitates US investment, speeds permits for strategic projects, gives the US a first option on certain assets and discourages sales affecting national security, is not retaliation against China but about supply chain resilience and high standards, noting Ecuador's high-quality rare earth, copper and gold reserves.",Esperamos colaborar con Ecuador para identificar esos proyectos y promover una mayor inversión,We hope to collaborate with Ecuador to identify those projects and promote greater investment,es,Primicias,https://www.primicias.ec/economia/estados-unidos-ecuador-tierras-raras-cobre-oro-suministro-china-115849/,news_media,secondary_reported,Spanish rendering of Orr's remarks; he also said the accord 'no es una represalia contra China' (Primicias https://www.primicias.ec/politica/estados-unidos-quiere-alejar-ecuador-china-peso-relacion-bilateral-pekin-ata-carondelet-132279/),USA_gov
PS-0301,2026-02-12,2026,MEX,Claudia Sheinbaum,President of Mexico,head_of_state,LatAm executive,MEX,Morena,press_conference,Mañanera on US-led multilateral critical minerals talks,critical_minerals_general,,sovereignty;state_control_nationalization,USA,not_mentioned,neutral,,"Sheinbaum said Mexico's mineral reserves belong to Mexico, their exploitation corresponds to Mexico, and this is not subject to any negotiation; Mexico is ceding nothing.",Las reservas de minerales son de México. Y en todo caso su explotación le corresponde a México... eso no está a ninguna negociación.,Mineral reserves belong to Mexico. And in any case their exploitation corresponds to Mexico... that is not under any negotiation.,es,Excélsior,https://www.excelsior.com.mx/nacional/minerales-criticos-no-estan-negociacion-sheinbaum,news_media,secondary_reported,,MEX
PS-0302,2026-02-12,2026,MEX,Marcelo Ebrard,Secretary of Economy of Mexico,minister_cabinet,LatAm executive,MEX,Morena,press_conference,Mexico's participation in US-led 60-day multilateral critical minerals talks,critical_minerals_general;lithium;nickel;cobalt;tantalum,253090;260400;261590;282520;283691;720260,geopolitics_security;trade_deals_offtake;sovereignty,USA;CAN;JPN;EU;other,not_mentioned,neutral,,"Ebrard said that amid geopolitical competition Mexico must guarantee its own supply of critical minerals it lacks, participating in multilateral talks on the basis of mutual respect, sovereignty and fair access.","Nosotros tenemos que ocuparnos de garantizar el suministro de minerales críticos para México, porque nos hacen falta muchos minerales","We have to take care of guaranteeing the supply of critical minerals for Mexico, because we lack many minerals",es,La Política Online,https://www.lapoliticaonline.com/mexico/industria-mx/mexico-busca-colocarse-en-acuerdos-multilaterales-para-asegurar-el-suministro-de-14-minerales-criticos-7316/,news_media,secondary_reported,Talks also involve India and South Korea; China not named by Ebrard.,MEX
PS-0303,2026-02-12,2026,PER,Lin Jian,"Spokesperson, Ministry of Foreign Affairs of China",china_central_gov,China,CHN,CCP,press_conference,MFA regular press conference; response to US remarks on Chancay,mining_general,,sovereignty;geopolitics_security;infrastructure_ports,USA;PER,positive,negative,Puerto de Chancay; Cosco Shipping,Lin Jian said China firmly opposes and strongly deplores US rumor-mongering and smearing of Chancay port after US warnings over Peruvian sovereignty.,firmly opposes and strongly deplores the U.S.'s blatant rumor-mongering and smearing of Chancay port,firmly opposes and strongly deplores the U.S.'s blatant rumor-mongering and smearing of Chancay port,en,AP via Wyoming Public Media,https://www.wyomingpublicmedia.org/2026-02-11/in-blunt-warning-the-u-s-says-peru-could-lose-its-sovereignty-to-china,news_media,secondary_reported,Also reported by Canal N; port record,PER
PS-0304,2026-02-12,2026,PER,"U.S. Department of State, Bureau of Western Hemisphere Affairs",State Department regional bureau,us_central_gov,United States,USA,Trump administration,social_media_post,Reaction to Peruvian court ruling limiting regulator Ositrán's oversight of Chancay port,mining_general,,sovereignty;infrastructure_ports;geopolitics_security,CHN;PER,negative,positive,Chancay port; COSCO Shipping; Ositrán,"The WHA bureau said Peru could be powerless to oversee Chancay port under 'predatory Chinese owners', backed Peru's right to oversee critical infrastructure, and warned that cheap Chinese money costs sovereignty.",Let this be a cautionary tale for the region and the world: cheap Chinese money costs sovereignty.,Let this be a cautionary tale for the region and the world: cheap Chinese money costs sovereignty.,en,Boston Globe (AP),https://www.bostonglobe.com/2026/02/12/nation/us-says-peru-could-lose-its-sovereignty-to-china/,news_media,secondary_reported,Date approximate (article 12 Feb 2026); minerals not explicitly mentioned—Chancay is a key copper/mineral export port,USA_gov
PS-0305,2026-02-18,2026,BOL,Alberto Pérez,"President, Comité Cívico Potosinista (Comcipo)",other,"Other (business, civil society, third countries)",BOL,Comcipo,press_conference,Reminder to Paz of campaign commitment on lithium,lithium,253090;282520;283691,value_added_industrialization;sovereignty,none,not_mentioned,not_mentioned,Comcipo,Comcipo's president reminded President Paz that as a candidate he signed a commitment in Potosí that lithium industrialization would be built from Potosí with Potosinos' authorization.,"el litio se construye desde Potosí, con los potosinos y todo se hace con la autorización de los potosinos","lithium is built from Potosí, with the Potosinos, and everything is done with the authorization of the Potosinos",es,EJU.tv,https://eju.tv/2026/02/comcipo-le-recuerda-a-paz-que-firmo-un-acta-de-compromiso-con-potosi-sobre-la-industrializacion-del-litio-cuando-era-candidato/,news_media,secondary_reported,,BOL
PS-0306,2026-02-21,2026,BRA,Luiz Inácio Lula da Silva,President of Brazil,head_of_state,LatAm executive,BRA,PT,joint_declaration_or_mou,"Brazil-India critical minerals MoU signed during state visit, New Delhi",critical_minerals_general;rare_earths,284690,diplomatic_relations;technology_transfer;sovereignty,other,not_mentioned,not_mentioned,,"Brazil and India signed their first memorandum on technical and scientific cooperation in critical minerals supply chains, with no export guarantees or quotas; Lula said the energy and digital transition would not happen without critical minerals and that a national council would ensure sovereignty and domestic processing.",,,pt,Poder360,https://www.poder360.com.br/poder-governo/brasil-e-india-firmam-acordo-sobre-minerais-criticos-entenda/,news_media,secondary_reported,counterpart other = India; Lula quote seen only in translation,BRA
PS-0307,2026-02-22,2026,BRA,Luiz Inácio Lula da Silva,President of Brazil,head_of_state,LatAm executive,BRA,PT,press_conference,"State visit to India, remarks to journalists in New Delhi",rare_earths;iron_ore;critical_minerals_general,284690,value_added_industrialization;processing_refining;sovereignty,USA;CHN,not_mentioned,neutral,,"Speaking in New Delhi, Lula said Brazil will not allow its rare earths to be exploited the way iron ore was, and that critical minerals can be exploited only if industrial transformation takes place in Brazil.",Não vamos permitir que nossas terras raras sejam exploradas como foi o minério de ferro,We will not allow our rare earths to be exploited the way iron ore was,pt,Poder360,https://www.poder360.com.br/poder-governo/lula-diz-que-terras-raras-nao-serao-exploradas-como-ferro/,news_media,secondary_reported,,BRA
PS-0308,2026-02-24,2026,BRA,Michael Cadenazzi,Assistant Secretary of Defense for Industrial Base Policy,us_central_gov,United States,USA,Trump administration,legislative_debate,SASC hearing 'Rebuilding American Critical Minerals Supply Chains',rare_earths;critical_minerals_general,284690,geopolitics_security;trade_deals_offtake;processing_refining,CHN;BRA,negative,positive,Serra Verde,"Testifying on rebuilding critical-minerals supply chains amid China's dominance of heavy rare earths, Cadenazzi said the Pentagon had struck additional deals with a Brazilian company, citing Serra Verde.",,,en,U.S. Senate Armed Services Committee (hearing transcript),https://www.armed-services.senate.gov/download/03/03/2026/transcript,legislative_record,primary_verified,"Transcript extract was fragmentary, so paraphrase only. Transcript URL path dated 03/03/2026; hearing 24 Feb 2026.",USA_gov
PS-0309,2026-02-25,2026,BRA,Ana Paula Bittencourt,"National Secretary of Geology, Mining and Mineral Transformation, MME",other_executive,LatAm executive,BRA,,speech,Remarks on Brazil's negotiating stance on critical minerals partnerships,rare_earths;critical_minerals_general,284690,diplomatic_relations;foreign_investment;sovereignty,USA,not_mentioned,neutral,,"Bittencourt said Brazil would not sign exclusive critical minerals deals despite US offers of finance and technology, and would talk with any partner that accepts it will not have exclusivity.",Uma das premissas básicas das nossas relações é que nós sentamos para conversar com qualquer um que entenda que ele não vai ter exclusividade,One of the basic premises of our relations is that we sit down to talk with anyone who understands they will not have exclusivity,pt,Agência iNFRA,https://agenciainfra.com/blog/?p=37013,news_media,secondary_reported,,BRA
PS-0310,2026-02-26,2026,ARG,Patricia Bullrich,National Senator (La Libertad Avanza bloc leader),legislator,LatAm legislature,ARG,La Libertad Avanza,legislative_debate,Glacier Law reform debate,mining_general;copper,260300;740200;740311,environment_water;foreign_investment,none,not_mentioned,not_mentioned,,Bullrich said the reform profoundly changes Argentina by ending the 'ridiculous' logic opposing environment and economy.,Estamos cambiando profundamente a la Argentina porque no queremos discutir más esta lógica ridícula,We are profoundly changing Argentina because we no longer want to debate this ridiculous logic,es,Más Energía (LM Neuquén),https://mase.lmneuquen.com/mineria/argentina-reformo-la-ley-glaciares-137-votos-favor-abren-el-ambiente-periglacial-la-mineria-n1234460,news_media,secondary_reported,Date assumed to be Senate debate; article covers both chambers.,ARG
PS-0311,2026-02-26,2026,ARG,Senate of Argentina,Upper chamber,legislature_body,LatAm legislature,ARG,,bill_or_law,Senate approval of Glacier Law reform,copper;mining_general,260300;740200;740311,environment_water;foreign_investment,none,not_mentioned,not_mentioned,Ley 26.639; Los Azules; El Pachón; Agua Rica; Vicuña,"The Senate approved the government's reform of the Glacier Law by 40 votes to 31 with 1 abstention, opening periglacial areas to mining; the ruling party said it would unlock mining investment while the opposition denounced irregularities.",,,es,La Voz de San Justo,https://www.lavozdesanjusto.com.ar/el-oficialismo-logro-aprobar-la-reforma-a-la-ley-de-glaciares-en-el-senado,news_media,secondary_reported,Another source gives 27 Feb (session past midnight).,ARG
PS-0312,2026-03-05,2026,ARG,Javier Milei,President of Argentina,head_of_state,LatAm executive,ARG,La Libertad Avanza,speech,Opening of 144th ordinary sessions of Congress,mining_general;copper;lithium,253090;260300;282520;283691;740200;740311,foreign_investment;labor_social_conflict,CHL,not_mentioned,not_mentioned,RIGI; Rincón (Rio Tinto); Los Azules (McEwen),"Milei told Congress that mining would take off along the whole Andes, that doing things as Chile does could generate a million jobs, and called the RIGI the most effective development policy of the century.",la política de desarrollo más eficaz del siglo,the most effective development policy of the century,es,Reporte Minero,https://www.reporteminero.cl/noticia/noticias/2026/03/milei-chile-competencia-capital-minero-argentina,news_media,secondary_reported,Quote refers to RIGI.,ARG
PS-0313,2026-03-12,2026,CHL,Christopher Landau,U.S. Deputy Secretary of State,us_central_gov,United States,USA,Trump administration,joint_declaration_or_mou,"Landau visit to Santiago; US-Chile joint statement on critical minerals, overseen by President José Antonio Kast",rare_earths;critical_minerals_general;lithium,253090;282520;283691;284690,financing_credit;trade_deals_offtake;geopolitics_security;diplomatic_relations,CHL;CHN,negative,positive,Albemarle; EnergyX,"Landau and FM Francisco Pérez Mackenna signed a joint statement launching talks on rare earths and critical minerals, covering public and private financing for mining projects, scrap recycling and exploration, within US efforts to reduce reliance on China.",I believe there is much we can do with the United States and Chile to strengthen the supply chains of these minerals.,I believe there is much we can do with the United States and Chile to strengthen the supply chains of these minerals.,en,Mining Weekly / Creamer Media,https://newsletter.en.creamermedia.com/article/chile-us-eye-collaboration-on-rare-earths-and-other-critical-minerals-2026-03-13,news_media,secondary_reported,Date = Thursday before 13 Mar 2026 article; quote possibly translated from Spanish remarks; stance_china inferred from article framing,USA_gov
PS-0314,2026-03-12,2026,CHL,Francisco Pérez Mackenna,Minister of Foreign Affairs,minister_cabinet,LatAm executive,CHL,Independent (Kast government),joint_declaration_or_mou,"Chile-US joint declaration on critical minerals and rare earths, signed with Deputy Secretary Christopher Landau",copper;lithium;molybdenum;cobalt;rare_earths;critical_minerals_general,253090;260300;261310;261390;282520;283691;284690;740200;740311,geopolitics_security;financing_credit;trade_deals_offtake,USA,not_mentioned,positive,,"On Kast's second day in office, Chile and the US signed a declaration on 14 critical minerals to strengthen supply chains, identify joint projects, manage scrap and explore financing mechanisms.",abordar el desarrollo de mecanismos que fortalezcan las cadenas de suministro de minerales críticos,address the development of mechanisms that strengthen critical-mineral supply chains,es,El Desconcierto,https://eldesconcierto.cl/2026/03/12/cancilleria-anuncia-acuerdo-con-eeuu-para-reforzar-suministro-de-minerales-criticos-y-tierras-raras,news_media,secondary_reported,Quote is from Foreign Ministry statement; Kast present at signing,CHL
PS-0315,2026-03-16,2026,ECU,Gabriela Jauregui,"Mining Business Manager, ENAMI",state_company,LatAm state company,ECU,,interview,Plans to re-tender Llurimagua copper project after Codelco exit,copper,260300;740200;740311,foreign_investment;state_control_nationalization,CHL;CHN;AUS;CAN,neutral,not_mentioned,Llurimagua; ENAMI; Codelco; BHP; Chinalco; Teck; South32,"ENAMI said an international firm or bank would design the tender for the Llurimagua copper project after Codelco's exit, aiming to attract top-tier companies; BHP, Chinalco, Teck and South32 were reported interested.","Cuando lo saquemos a licitación, queremos que compitan empresas de primer nivel","When we put it out to tender, we want top-tier companies to compete",es,Primicias,https://www.primicias.ec/economia/licitacion-proyecto-cobre-llurimagua-mineria-consulta-ambiental-imbabura-118038/,news_media,secondary_reported,,COL_ECU_PAN
PS-0316,2026-03-18,2026,BRA,Ronaldo Caiado,Governor of Goiás,subnational_gov,LatAm executive,BRA,PSD,speech,"Signing of Goiás-US memorandum on critical minerals and rare earths, US Consulate General São Paulo",rare_earths;critical_minerals_general,284690,value_added_industrialization;foreign_investment;diplomatic_relations,USA,not_mentioned,positive,Serra Verde,"Caiado signed a memorandum of understanding with the US government on research, training, regulation and value-added processing of critical minerals in Goiás, calling it the most important agreement in the state's history and saying Goiás would be a partner rather than just a raw-material supplier.",Goiás deixa de ser apenas um Estado que fornece matéria-prima,Goiás stops being merely a state that supplies raw material,pt,Poder360,https://www.poder360.com.br/poder-infra/caiado-diz-que-goias-sera-parceiro-dos-eua-e-nao-so-fornecedor/,news_media,secondary_reported,Source describes Caiado as PSD presidential pre-candidate,BRA
PS-0317,2026-03-18,2026,BRA,U.S. Embassy in Brazil (spokesperson),"Spokesperson, U.S. Embassy Brasília",us_embassy,United States,USA,U.S. Department of State,official_statement,Negotiation of a US-Brazil critical minerals framework,critical_minerals_general;rare_earths,284690,financing_credit;trade_deals_offtake;processing_refining;diplomatic_relations,BRA,not_mentioned,positive,DFC; Export-Import Bank of the United States,"The embassy said the US awaits a clear political signal from Brazil to move forward with a bilateral critical minerals agreement, noting DFC and EXIM are offering over $600 million for ongoing projects in Brazil with potential for billions more.",The U.S. International Development Finance Corporation (DFC) and the Export-Import Bank of the United States are offering more than $600 million in financing,The U.S. International Development Finance Corporation (DFC) and the Export-Import Bank of the United States are offering more than $600 million in financing,en,Datamar News,https://datamarnews.com/?p=68504,news_media,secondary_reported,Statement possibly issued in Portuguese; English wording as reported,USA_gov
PS-0318,2026-03-21,2026,BRA,Gabriel Escobar,"Chargé d'affaires, U.S. Embassy in Brasília",us_embassy,United States,USA,U.S. Department of State,interview,Debate on legality of Goiás-US rare earths memorandum,rare_earths;critical_minerals_general,284690,diplomatic_relations;foreign_investment,BRA,not_mentioned,positive,,"Amid federal objections to Goiás's state-level memorandum with the US, Escobar indicated that the US had already presented the Lula government with a proposal for federal-level cooperation on critical minerals.",,,pt,Metrópoles,https://www.metropoles.com/colunas/milena-teixeira/o-que-dizem-diplomatas-sobre-caiado-trump-e-as-terras-raras,news_media,secondary_reported,Date = column publication; exact channel of Escobar remark unclear,BRA
PS-0319,2026-03-21,2026,BRA,Government of Goiás,State government of Goiás,subnational_gov,LatAm executive,BRA,,official_statement,Response to criticism that Goiás-US MoU encroaches on federal powers,rare_earths;critical_minerals_general,284690,sovereignty;corruption_governance;diplomatic_relations,USA,not_mentioned,positive,,"The Goiás government stated that its memorandum with the US expressly reserves approvals, licences and exploration permits to federal law and respects federal competences over mining rights, after diplomats called the accord legally void.",,,pt,Metrópoles,https://www.metropoles.com/colunas/milena-teixeira/o-que-dizem-diplomatas-sobre-caiado-trump-e-as-terras-raras,news_media,secondary_reported,Unnamed federal insiders called the initiative 'gravíssima',BRA
PS-0320,2026-03-28,2026,BRA,Flávio Bolsonaro,Senator (PL-RJ); presidential pre-candidate,political_party_candidate,LatAm party/candidate,BRA,PL,speech,"Conservative event (CPAC) in Texas, United States",rare_earths;critical_minerals_general,284690,geopolitics_security;diplomatic_relations,USA;CHN,negative,positive,,"Speaking at a conservative event in Texas, Flávio Bolsonaro presented Brazil as the battleground for the hemisphere's future and as the US solution to break China's hold over critical minerals, especially rare earths.","o Brasil é a solução dos Estados Unidos para quebrar a independência da China em relação a minerais críticos, especialmente elementos de terras raras","Brazil is the United States' solution to break China's independence regarding critical minerals, especially rare earth elements",pt,NSC Total,https://www.nsctotal.com.br/?p=7856727,news_media,secondary_reported,Original speech likely in English; quote is the Portuguese rendering published by NSC Total,BRA
PS-0321,2026-04,2026,ARG,Peter Lamelas,US Ambassador to Argentina,us_embassy,United States,USA,Republican,social_media_post,Tour of Salta and Jujuy meeting governors,mining_general;lithium,253090;282520;283691,foreign_investment;geopolitics_security,CHN,negative,positive,,"During a tour of Salta and Jujuy, Lamelas posted that mining companies agree fewer obstacles and more market are key to unlocking potential, promised many US investments in Jujuy, and warned about security risks of China's presence.",Las empresas mineras coinciden: menos trabas y más mercado son clave para liberar ese potencial,Mining companies agree: fewer obstacles and more market are key to unlocking that potential,es,El Litoral,https://www.ellitoral.com/internacionales/ahora-hoy-china-estadosunidos-peterlamelas-milei-trump-inversion-disputa_0_KBryk0qMJI.amp.html,news_media,secondary_reported,Article dated ~20 Apr 2026; exact post date unknown.,ARG
PS-0322,2026-04,2026,BRA,Conor Coleman,"Chief Investment Officer, U.S. International Development Finance Corporation",us_central_gov,United States,USA,Trump administration,interview,Remarks on DFC financing of Serra Verde,rare_earths,284690,financing_credit;trade_deals_offtake;geopolitics_security,USA,not_mentioned,positive,Serra Verde; DFC,"DFC's investment chief confirmed the US$565m loan to Serra Verde carried offtake controls ensuring metals go to the US and US-aligned parties, linked to the financing.",,,pt,Jornal Opção,https://www.jornalopcao.com.br/ultimas-noticias/banco-norte-americano-confirma-que-financiamento-de-meio-bilhao-a-mineradora-em-minacu-da-aos-eua-acesso-a-terras-raras-brasileiras-811785/,news_media,secondary_reported,Article 4 Apr 2026; original remark date/venue not given,BRA
PS-0323,2026-04,2026,BRA,Luiz Inácio Lula da Silva,President of Brazil,head_of_state,LatAm executive,BRA,PT,speech,Debate over sale of Serra Verde to USA Rare Earth,rare_earths;mining_general,284690,sovereignty,none,not_mentioned,not_mentioned,Serra Verde,"In the context of the Serra Verde sale controversy, Lula asserted that nobody would own Brazil's mineral wealth.","Ninguém, no nosso Brasil, será dono da nossa riqueza mineral","Nobody, in our Brazil, will be the owner of our mineral wealth",pt,InfoMoney,https://www.infomoney.com.br/?p=3306288,news_media,secondary_reported,Exact date and venue not given in source; channel assumed,BRA
PS-0324,2026-04,2026,BRA,Serra Verde,"Rare earths miner, Minaçu (GO)",other,"Other (business, civil society, third countries)",BRA,Denham Capital; EMG; Vision Blue,official_statement,Response to reports of US control via DFC financing,rare_earths,284690,financing_credit;sovereignty,USA,not_mentioned,neutral,Serra Verde; DFC,"Serra Verde stated it is and will remain an independent company not controlled by any government, and that the US would have no board seat despite the US$565m loan.","A Serra Verde é, e continuará sendo, uma empresa independente","Serra Verde is, and will remain, an independent company",pt,Jornal Opção,https://www.jornalopcao.com.br/ultimas-noticias/banco-norte-americano-confirma-que-financiamento-de-meio-bilhao-a-mineradora-em-minacu-da-aos-eua-acesso-a-terras-raras-brasileiras-811785/,news_media,secondary_reported,"Corporate actor; speaker_country BRA by incorporation, owners foreign",BRA
PS-0325,2026-04-06,2026,PER,Keiko Fujimori,"Presidential candidate, Fuerza Popular",political_party_candidate,LatAm party/candidate,PER,Fuerza Popular,campaign_statement,"Interview on Andina Canal Online, 2026 general election",mining_general,,foreign_investment;environment_water;indigenous_community_rights,none,not_mentioned,not_mentioned,,"Fujimori said Peru is a mining country whose main income comes from the industry and must be promoted with full environmental respect and community harmony, prioritizing water for people and agriculture.","Hay que entender que el Perú es un país minero, sin duda, la principal fuente de ingreso de nuestro país proviene de esta industria.",It must be understood that Peru is a mining country; without doubt the main source of income of our country comes from this industry.,es,El Peruano,https://elperuano.pe/noticia/292880-elecciones-2026-keiko-fujimori-propone-promover-mineria-con-respeto-al-medio-ambiente,primary_official,primary_verified,,PER
PS-0326,2026-04-07,2026,PAN,Government of Panama (Mulino administration),Executive,other_executive,LatAm executive,PAN,Realizando Metas,decree_or_regulation,Approval to process stockpiled ore at Cobre Panamá,copper,260300;740200;740311,environment_water;labor_social_conflict;foreign_investment,CAN,not_mentioned,not_mentioned,Cobre Panamá; First Quantum,"The government approved removal, processing and export of ~38 Mt of stockpiled ore at Cobre Panamá to fund preservation and reduce environmental risks, stressing this was not a reopening of the mine.",,,en,First Quantum Minerals (company release),https://www.first-quantum.com/news/government-of-panama-approves-processing-of-stockpiled-ore-at-cobre-panama/,news_media,secondary_reported,"Corporate source; Wikipedia gives January 2026 for authorization – date discrepancy, release dated 2026-04-07.",COL_ECU_PAN
PS-0327,2026-04-08,2026,BRA,Luiz Inácio Lula da Silva,President of Brazil,head_of_state,LatAm executive,BRA,PT,interview,Interview with ICL Notícias; criticism of Flávio Bolsonaro and Caiado over rare earths,rare_earths;critical_minerals_general,284690,sovereignty;geopolitics_security;value_added_industrialization,USA,not_mentioned,negative,,"Lula accused Senator Flávio Bolsonaro and Governor Caiado of wanting to hand Brazil's raw rare earths to the US, likened it to giving away oil, and said the government was turning critical minerals into a matter of national security, announcing a council on mineral policy linked to the Presidency.",Essa gente vai vender o Brasil e nós não podemos permitir,These people will sell Brazil and we cannot allow it,pt,Poder360,https://www.poder360.com.br/poder-governo/essa-gente-vai-vender-o-brasil-diz-lula-sobre-flavio-e-caiado/,news_media,secondary_reported,"Eixos reports Lula contrasted this with partnerships with China, India, EU (https://eixos.com.br/politica/minerais-criticos-lula-diz-que-flavio-bolsonaro-e-caiado-vao-vender-o-brasil/)",BRA
PS-0328,2026-04-09,2026,ARG,Chamber of Deputies of Argentina,Lower chamber,legislature_body,LatAm legislature,ARG,,bill_or_law,Final approval of Glacier Law reform,copper;mining_general,260300;740200;740311,environment_water;foreign_investment,none,not_mentioned,not_mentioned,Ley 26.639; Los Azules; El Pachón; Agua Rica; Vicuña,"Deputies gave final approval to the Glacier Law reform 137-111 with 3 abstentions, opening periglacial zones to mining; copper projects in San Juan, Salta, Catamarca and Mendoza worth about US$23bn were cited as beneficiaries.",,,es,Más Energía (LM Neuquén),https://mase.lmneuquen.com/mineria/argentina-reformo-la-ley-glaciares-137-votos-favor-abren-el-ambiente-periglacial-la-mineria-n1234460,news_media,secondary_reported,,ARG
PS-0329,2026-04-09,2026,ARG,Maximiliano Ferraro,National Deputy,legislator,LatAm legislature,ARG,Coalición Cívica,legislative_debate,Chamber of Deputies Glacier Law reform debate,mining_general,,environment_water;corruption_governance,none,not_mentioned,not_mentioned,,Ferraro called the Glacier Law reform completely regressive and unconstitutional.,totalmente regresiva e inconstitucional,completely regressive and unconstitutional,es,Más Energía (LM Neuquén),https://mase.lmneuquen.com/mineria/argentina-reformo-la-ley-glaciares-137-votos-favor-abren-el-ambiente-periglacial-la-mineria-n1234460,news_media,secondary_reported,,ARG
PS-0330,2026-04-09,2026,ARG,Miguel Ángel Pichetto,National Deputy,legislator,LatAm legislature,ARG,Encuentro Federal,legislative_debate,Chamber of Deputies Glacier Law reform debate,mining_general,,environment_water,none,not_mentioned,not_mentioned,,"Pichetto, sponsor of the 2010 law, opposed the reform, arguing the original law was self-sufficient and already reconciled mining interests with glacier protection.",La ley que se votó en 2010 es una ley autosuficiente que permitía perfectamente conciliar los intereses,The law voted in 2010 is a self-sufficient law that perfectly allowed reconciling interests,es,Más Energía (LM Neuquén),https://mase.lmneuquen.com/mineria/argentina-reformo-la-ley-glaciares-137-votos-favor-abren-el-ambiente-periglacial-la-mineria-n1234460,news_media,secondary_reported,,ARG
PS-0331,2026-04-17,2026,PER,María Elvira Salazar,"U.S. Representative; Chair, House Foreign Affairs Subcommittee on the Western Hemisphere",us_congress,United States,USA,Republican,interview,Remarks on Chancay ahead of Peru's 2026 election,mining_general,,geopolitics_security;sovereignty;infrastructure_ports,CHN;PER,negative,positive,Puerto de Chancay; Cosco Shipping,"Salazar said Peru's next government must take back Chancay port and that the US would help, describing its dual-use potential as a military threat to the hemisphere.","The new Peruvian government, which will be elected next June, must take it back, that port, take it back, and the United States will help them.","The new Peruvian government, which will be elected next June, must take it back, that port, take it back, and the United States will help them.",en,South China Morning Post,https://www.scmp.com/news/china/article/3350379/us-will-help-peru-take-back-chancay-port-china-congress-chair-says,news_media,secondary_reported,Port record,PER
PS-0332,2026-04-20,2026,CHL,Francisco Pérez Mackenna,Minister of Foreign Affairs,minister_cabinet,LatAm executive,CHL,Independent (Kast government),joint_declaration_or_mou,Signing of Chile-US critical minerals MoU at Foreign Ministry,copper;lithium;cobalt;nickel;rare_earths;critical_minerals_general,253090;260300;260400;282520;283691;284690;720260;740200;740311,geopolitics_security;foreign_investment;processing_refining,USA;DEU;JPN;KOR;EU,not_mentioned,positive,,"Chile and the US signed a non-binding MoU on exploration, extraction and processing of critical minerals and rare earths; the foreign minister called it a step toward a Chilean state policy on critical minerals.",Es un paso más en la consolidación de una Política de Estado de Chile en minerales críticos,It is one more step in consolidating a Chilean State Policy on critical minerals,es,ABC Color (EFE),https://www.abc.com.py/internacionales/2026/04/20/chile-y-estados-unidos-firman-memorandum-para-impulsar-industria-de-minerales-criticos/,news_media,secondary_reported,"counterparts DEU listed as other ISO3; MoU complements deals with Germany, Japan, Korea, EU",CHL
PS-0333,2026-04-23,2026,BRA,Ronaldo Caiado,Former Governor of Goiás; presidential pre-candidate,political_party_candidate,LatAm party/candidate,BRA,PSD,interview,Reply to Lula's criticism of Goiás-US rare earths MoU,rare_earths;niobium,261590;284690;720293,sovereignty;value_added_industrialization;diplomatic_relations,USA,not_mentioned,positive,Serra Verde,"Responding to Lula's attacks on his rare-earths deal with the US, Caiado accused Lula himself of 'selling' niobium and heavy rare earths and said the agreement would let Goiás develop technology instead of only exporting mineral concentrate.",Quem tá vendendo é ele! É ele que está entregando tudo,He's the one selling! He's the one handing everything over,pt,IstoÉ Dinheiro,https://istoedinheiro.com.br/apos-ser-criticado-por-acordo-sobre-terras-raras-com-eua-caiado-diz-que-lula-vende-o-brasil,news_media,secondary_reported,Caiado had left the governorship to run for president,BRA
PS-0334,2026-04-25,2026,BRA,Rede Sustentabilidade (with Dep. Heloisa Helena),Political party,political_party_candidate,LatAm party/candidate,BRA,Rede,official_statement,ADPF filed at STF to suspend sale of Serra Verde to USA Rare Earth,rare_earths,284690,sovereignty;foreign_investment;state_control_nationalization,USA,not_mentioned,negative,Serra Verde; USA Rare Earth,"Rede and Deputy Heloisa Helena asked the Supreme Court to suspend the US$2.8bn sale of Serra Verde to USA Rare Earth, arguing current rules fail to stop strategic Union minerals passing to foreign control; PSOL and PCdoB deputies petitioned the PGR similarly.",,,pt,InfoMoney,https://www.infomoney.com.br/?p=3306288,news_media,secondary_reported,Date = article date; filing date may be slightly earlier,BRA
PS-0335,2026-04-28,2026,BOL,Caleb Orr,"US Assistant Secretary of State for Economic, Energy and Business Affairs",us_central_gov,United States,USA,Trump administration,joint_declaration_or_mou,Signing of US-Bolivia critical minerals MoU,lithium;copper;cobalt;nickel;rare_earths;critical_minerals_general,253090;260300;260400;282520;283691;284690;720260;740200;740311,foreign_investment;geopolitics_security;diplomatic_relations,BOL,not_mentioned,positive,,The US and Bolivia signed a memorandum of understanding to attract investment in lithium and other critical minerals; the US said it was committed to working with Bolivia under Paz to secure critical mineral supply chains.,Estados Unidos está comprometido a trabajar con Bolivia bajo el liderazgo del Presidente Paz a atraer inversiones,The United States is committed to working with Bolivia under President Paz's leadership to attract investment,es,KEYT (EFE/CNN),https://keyt.com/?p=1421195,news_media,secondary_reported,Orr's exact title varies across sources (Under/Assistant/Deputy). Also Diario Las Américas and Correo del Sur.,BOL
PS-0336,2026-04-28,2026,BOL,Fernando Aramayo,Minister of Foreign Affairs,minister_cabinet,LatAm executive,BOL,Paz government,press_conference,US-Bolivia critical minerals MoU,rare_earths;lithium;critical_minerals_general,253090;282520;283691;284690,geopolitics_security;diplomatic_relations,USA;CHN,neutral,positive,,Aramayo said the United States aims to form a regional bloc for critical mineral supply to reduce dependence on China's market dominance.,,,es,Correo del Sur,https://correodelsur.com/politica/20260428/sellan-pacto-entre-eeuu-y-bolivia-para-explotar-tierras-raras.html,news_media,secondary_reported,Paraphrase only.,BOL
PS-0337,2026-04-28,2026,BOL,Marco Antonio Calderón de la Barca,Minister of Mining and Metallurgy,minister_cabinet,LatAm executive,BOL,Paz government,joint_declaration_or_mou,Signing of US-Bolivia critical minerals MoU,lithium;rare_earths;critical_minerals_general,253090;282520;283691;284690,foreign_investment;diplomatic_relations,USA,not_mentioned,positive,,"Bolivia's mining minister signed the critical minerals MoU with the United States covering cooperation to attract investment in lithium, rare earths and other minerals.",,,es,Diario Las Américas,https://www.diariolasamericas.com/eeuu/eeuu-y-bolivia-pactan-compromiso-atraer-inversiones-litio-y-otros-minerales-criticos-n5394484,news_media,secondary_reported,,BOL
PS-0338,2026-04-30,2026,ARG,Daniel González,Coordinating Secretary of Energy and Mining of Argentina,other_executive,LatAm executive,ARG,,speech,Signing of joint statement with US Chamber of Commerce/AmCham on minerals,copper;critical_minerals_general,260300;740200;740311,foreign_investment;geopolitics_security,USA,not_mentioned,positive,AmCham Argentina; US Chamber of Commerce,"González said the copper had always been there but was not developed, and that Argentina is again macroeconomically ordered and aligned with the West, crediting Milei for taking on the issue.",Volvimos a ser un país más ordenado macroeconómicamente y alineado con Occidente,We are once again a more macroeconomically orderly country aligned with the West,es,La Nación,https://www.lanacion.com.ar/economia/en-la-disputa-con-china-por-los-minerales-del-futuro-eeuu-pone-los-ojos-en-la-argentina-nid30042026/,news_media,secondary_reported,,ARG
PS-0339,2026-05-06,2026,BOL,Fernando Aramayo,Minister of Foreign Affairs,minister_cabinet,LatAm executive,BOL,Paz government,interview,Bolivia seeks US technology cooperation for lithium,lithium,253090;282520;283691,technology_transfer;value_added_industrialization;environment_water,USA,not_mentioned,positive,,"Aramayo said Bolivia is very interested in US technology cooperation to advance lithium industrialization, noting lack of human resources and need for hydrogeological studies.","Con Estados Unidos nos interesa mucho el tema tecnológico (...), generar un acuerdo que nos permita ver cómo logramos dar pasos en la industrialización del litio","With the United States we are very interested in technology (...), to generate an agreement that lets us see how we can take steps in lithium industrialization",es,TVN Panamá (EFE),https://www.tvn-2.com/mundo/bolivia-busca-cooperacion-tecnologica-eeuupara_1_2239787.html,news_media,secondary_reported,,BOL
PS-0340,2026-05-06,2026,BRA,Câmara dos Deputados,Chamber of Deputies of Brazil,legislature_body,LatAm legislature,BRA,,bill_or_law,Floor vote on PL 2780/2024 (National Policy for Critical and Strategic Minerals),critical_minerals_general;rare_earths,284690,value_added_industrialization;financing_credit;state_control_nationalization;royalties_taxation,none,not_mentioned,not_mentioned,PL 2780/2024,"The Chamber approved by symbolic vote the substitute to PL 2780/2024 creating the National Policy for Critical and Strategic Minerals, a council to update mineral lists, a R$5 billion guarantee fund and incentives favouring domestic processing over raw exports; the bill went to the Senate.",,,pt,SBT News,https://sbtnews.sbt.com.br/noticia/politica/camara-aprova-pl-dos-minerais-criticos-e-estrategicos,news_media,secondary_reported,Vote held on eve of Lula-Trump meeting (7 May 2026); Novo and PSOL amendments rejected,BRA
PS-0341,2026-05-06,2026,BRA,Hugo Motta,President of the Chamber of Deputies,legislator,LatAm legislature,BRA,Republicanos,official_statement,Approval of PL 2780/2024 in the Chamber,critical_minerals_general,,energy_transition;value_added_industrialization,none,not_mentioned,not_mentioned,PL 2780/2024,"Motta called the Chamber's approval of the critical minerals policy historic, saying it was a giant step for the nation's future and a compass for Brazil in the energy transition and essential technologies.",,,pt,SBT News,https://sbtnews.sbt.com.br/noticia/politica/camara-aprova-pl-dos-minerais-criticos-e-estrategicos,news_media,secondary_reported,Quote seen only in translation; left empty,BRA
PS-0342,2026-05-07,2026,BRA,Luiz Inácio Lula da Silva,President of Brazil,head_of_state,LatAm executive,BRA,PT,press_conference,Lula-Trump meeting at the White House,critical_minerals_general;rare_earths,284690,foreign_investment;diplomatic_relations;processing_refining,USA,not_mentioned,positive,,"Lula said he presented Trump with Brazil's newly approved national critical minerals policy, stressing the aim to map 100% of mineral resources and inviting foreign investment in extraction and processing in Brazil.",,,pt,Olhar Digital,https://olhardigital.com.br/2026/05/07/pro/lula-e-trump-falam-sobre-minerais-criticos-em-reuniao/,news_media,secondary_reported,'recently approved' refers to Chamber of Deputies approval,BRA
PS-0343,2026-05-07,2026,BRA,Mauro Vieira,Minister of Foreign Affairs of Brazil,minister_cabinet,LatAm executive,BRA,,press_conference,Lula-Trump meeting at the White House,rare_earths;critical_minerals_general,284690,foreign_investment;processing_refining;diplomatic_relations,USA,not_mentioned,neutral,,"After the Lula-Trump meeting in Washington, Foreign Minister Vieira said Brazil has no preferred partner and invites anyone who wants to help mine, separate and process its rare earths.","Quem quiser participar conosco para nos ajudar a fazer a mineração, a separação e a produzir as riquezas que essas terras raras nos oferecem está sendo convidado","Whoever wants to join us to help with mining, separation and producing the wealth these rare earths offer us is invited",pt,Olhar Digital,https://olhardigital.com.br/2026/05/07/pro/lula-e-trump-falam-sobre-minerais-criticos-em-reuniao/,news_media,secondary_reported,quote shortened to <=30 words (omits opening 'Nós não temos preferência.'),BRA
PS-0344,2026-05-12,2026,BOL,Marco Antonio Calderón de la Barca,Minister of Mining and Metallurgy,minister_cabinet,LatAm executive,BOL,Paz government,press_conference,Announcement of new mining law and 20-year tax stability,lithium;tin;silver;zinc;rare_earths;mining_general,253090;260800;261610;282520;283691;284690;710691;800110,royalties_taxation;foreign_investment,none,not_mentioned,not_mentioned,Cerro Manomó,"Calderón announced a new mining law to replace the 2014 law, offering 20-year tax stability and eliminating the extra 12.5% levy on windfall profits from high mineral prices.","Bolivia fue, es y será minera.","Bolivia was, is and will be a mining country.",es,Correo del Sur,https://correodelsur.com/economia/20260512/bolivia-ofrecera-estabilidad-tributaria-por-hasta-20-anos.html,news_media,secondary_reported,,BOL
PS-0345,2026-05-14,2026,ARG,Luis Caputo,Minister of Economy of Argentina,minister_cabinet,LatAm executive,ARG,La Libertad Avanza,social_media_post,RIGI approvals: Jujuy lithium expansion and PSJ Cobre Mendocino,lithium;copper,253090;260300;282520;283691;740200;740311,foreign_investment;labor_social_conflict,CHN,neutral,not_mentioned,Ganfeng Lithium; Lithium Argentina; JEMSE; Minera Exar; PSJ Cobre Mendocino,"Caputo posted on X the RIGI approval of a US$1.24bn lithium expansion in Jujuy partly owned by China's Ganfeng and of the US$891m PSJ Cobre Mendocino copper project, saying they would create 8,000 jobs.",,,es,Buenos Aires Times,https://batimes.com.ar/news/economy/milei-approves-incentives-for-lithium-mine-expansion-with-china-ties.phtml,news_media,secondary_reported,Date = article date; post may be a day earlier. First RIGI approval with major Chinese stake; quote only in English rendering so left blank.,ARG
PS-0346,2026-05-25,2026,CHL,Daniel Mas,Minister of Economy and Mining (biminister),minister_cabinet,LatAm executive,CHL,Independent (Kast government),press_conference,Codelco production-reporting irregularities and board renewal,copper,260300;740200;740311,corruption_governance;state_control_nationalization,none,not_mentioned,not_mentioned,Codelco,Mas called Codelco's production-accounting irregularities unacceptable and said President Kast's mandate to the new directors was to regain control of the company.,retomar el control,regain control,es,Forbes Chile,https://forbes.cl/actualidad/2026-05-25/maximo-pacheco-se-va-de-codelco-con-una-sorpresiva-renuncia-al-directorio-de-nova-andino-litio/,news_media,secondary_reported,Only short fragment quoted in source,CHL
PS-0347,2026-05-25,2026,CHL,Máximo Pacheco,Chairman of NovaAndino Litio (former Codelco chairman),state_company,LatAm state company,CHL,,official_statement,Resignation letter from NovaAndino Litio board,lithium,253090;282520;283691,corruption_governance;state_control_nationalization,none,not_mentioned,not_mentioned,NovaAndino Litio; Codelco; SQM,"Pacheco resigned as chair of the Codelco-SQM lithium JV after pressure from the Kast government and Republican deputies, accusing some sectors of placing narrow partisanship above national interest.",Para algunos la reducida bandería política vale más que el interés nacional,"For some, narrow political partisanship is worth more than the national interest",es,Forbes Chile,https://forbes.cl/actualidad/2026-05-25/maximo-pacheco-se-va-de-codelco-con-una-sorpresiva-renuncia-al-directorio-de-nova-andino-litio/,news_media,secondary_reported,,CHL
PS-0348,2026-05-25,2026,CHL,Stephanie Jeldres; Ignacio Urcullú; Carlo Arqueros,"Deputies, members of Chamber Mining Commission",legislator,LatAm legislature,CHL,Partido Republicano,official_statement,Call for Máximo Pacheco to resign from NovaAndino Litio board,lithium,253090;282520;283691,corruption_governance,none,not_mentioned,not_mentioned,NovaAndino Litio; Codelco; SQM,"Three Republican deputies demanded Pacheco leave the NovaAndino Litio board, arguing the JV must be shielded from reputational costs tied to the previous administration.","NovaAndino debe estar protegida de cualquier duda, costo reputacional o conflicto asociado a la administración anterior","NovaAndino must be protected from any doubt, reputational cost or conflict associated with the previous administration",es,The Clinic,https://www.theclinic.cl/2026/05/25/republicanos-presionan-a-maximo-pacheco-y-piden-su-renuncia-en-el-directorio-de-novaandino-litio-debe-estar-protegida-de-cualquier-costo-reputacional/,news_media,secondary_reported,Joint statement by three deputies,CHL
PS-0349,2026-05-29,2026,CHL,Bernardo Fontaine,Chairman of Codelco,state_company,LatAm state company,CHL,,official_statement,"First board decisions: profitability over volume, forensic audit",copper,260300;740200;740311,corruption_governance;state_control_nationalization,none,not_mentioned,not_mentioned,Codelco,"Codelco's new chairman said the company's mandate is safe, efficient and profitable production rather than volume, announcing an external forensic audit of 2024-2025 production figures.","Nuestro mandato no es producir por producir, sino hacerlo de manera segura, eficiente y rentable","Our mandate is not to produce for the sake of producing, but to do so safely, efficiently and profitably",es,Gestión,https://gestion.pe/mundo/internacional/nuevo-presidente-de-codelco-prioriza-rentabilidad-sobre-volumen-de-produccion-noticia/,news_media,secondary_reported,,CHL
PS-0350,2026-05-30,2026,ARG,Raúl Jalil,Governor of Catamarca,subnational_gov,LatAm executive,ARG,PJ (Elijo Catamarca),interview,Interview defending RIGI impact in Catamarca,lithium;copper,253090;260300;282520;283691;740200;740311,foreign_investment;labor_social_conflict,none,not_mentioned,not_mentioned,RIGI; Bajo La Alumbrera,"Jalil said the RIGI accelerated investments his government supports, that Catamarca doubled mining exports in the first quarter and will be the first province to export copper next year after authorizing Bajo La Alumbrera's restart.",aceleró inversiones que nosotros acompañamos porque creemos que benefician a Catamarca,accelerated investments that we support because we believe they benefit Catamarca,es,El Ancasti,https://www.elancasti.com.ar/politica-y-economia/jalil-cuestiono-la-conurbanizacion-del-pj-y-defendio-el-impacto-del-rigi-la-provincia-n613717,news_media,secondary_reported,Peronist governor aligned with Milei on RIGI; date per article.,ARG
PS-0351,2026-06-01,2026,ECU,Juan Carlos Blum,Minister of Environment and Energy of Ecuador,minister_cabinet,LatAm executive,ECU,Noboa government,interview,Cascabel contract after Jiangxi Copper's acquisition of SolGold,copper,260300;740200;740311,foreign_investment;royalties_taxation;corruption_governance,CHN,mixed,not_mentioned,Cascabel; SolGold; Jiangxi Copper,"Blum said the 2024 Cascabel exploitation contract was unbalanced and contravened legal norms, that it must be renegotiated, and that another concessionaire would be sought if the company refused.",Fue un abuso total. Un contrato que no está equilibrado termina quebrándose en alguna parte.,It was a total abuse. A contract that is not balanced ends up breaking somewhere.,es,Primicias,https://www.primicias.ec/economia/mineria-proyecto-cascabel-renegociacion-contrato-china-ministro-blum-124282/,news_media,secondary_reported,Stance toward China coded mixed: criticism targets contract now held by Chinese-owned firm.,COL_ECU_PAN
PS-0352,2026-06-02,2026,BRA,Esperidião Amin,Senator (PP-SC),legislator,LatAm legislature,BRA,PP,legislative_debate,Senate CRE hearing on rare earths bills,rare_earths;critical_minerals_general,284690,corruption_governance;value_added_industrialization,none,not_mentioned,not_mentioned,PL 2780/2024; PL 4443/2025,Amin noted the Chamber bill was much broader than the Senate proposal and that its main novelty was a council linked to the Presidency for critical minerals.,,,pt,Rádio Senado,https://www12.senado.leg.br/radio/1/noticia/2026/06/02/especialistas-apoiam-projetos-de-regulamentacao-das-terras-raras,legislative_record,primary_verified,Quote seen only in translation,BRA
PS-0353,2026-06-02,2026,BRA,Tereza Cristina,Senator (PP-MS),legislator,LatAm legislature,BRA,PP,legislative_debate,Senate Foreign Relations and Defence Committee (CRE) hearing on rare earths bills,rare_earths;critical_minerals_general,284690,geopolitics_security,none,not_mentioned,not_mentioned,PL 2780/2024,"At a CRE hearing on the critical minerals bills, Senator Tereza Cristina urged speed, saying developments in the rare earths segment were happening very rapidly.",,,pt,Rádio Senado,https://www12.senado.leg.br/radio/1/noticia/2026/06/02/especialistas-apoiam-projetos-de-regulamentacao-das-terras-raras,legislative_record,primary_verified,Quote seen only in translation,BRA
PS-0354,2026-06-03,2026,REG,Marco Rubio,U.S. Secretary of State,us_central_gov,United States,USA,Republican,legislative_debate,"Testimony to House Appropriations Subcommittee on National Security, Department of State and Related Programs",critical_minerals_general;mining_general,,geopolitics_security;infrastructure_ports;trade_deals_offtake,CHN;other,negative,positive,,"Discussing China in the Americas, Rubio said Beijing seeks access to critical minerals and mining through long-term contracts and infrastructure investments, and that countries turn to Chinese firms because they are the only ones showing up, requiring US alternatives.","They try to establish for themselves access to critical minerals, mining of any sort and gain these long-term contracts","They try to establish for themselves access to critical minerals, mining of any sort and gain these long-term contracts",en,IANS,https://ianslive.in/us-steps-up-pushback-against-china-in-americas--20260603070603,news_media,secondary_reported,'other' = Paraguay cited as example,USA_gov
PS-0355,2026-06-08,2026,BOL,Evo Morales,Former President of Bolivia,other,"Other (business, civil society, third countries)",BOL,Evo Pueblo / evista movement,social_media_post,Protests and blockades; US security cooperation with Paz government,lithium;critical_minerals_general,253090;282520;283691,sovereignty;geopolitics_security,USA,not_mentioned,negative,,"Morales said external interests in Bolivia are not focused on the country's development but on controlling its mineral wealth, amid US engagement with the Paz government.",,,es,Reporte Minero,https://www.reporteminero.cl/noticia/noticias/2026/06/crisis-bolivia-litio-reservas-minerales-criticos,news_media,secondary_reported,Quote seen only in translation; channel (likely X post) and party label uncertain.,BOL
PS-0356,2026-06-16,2026,ARG,Luis Caputo,Minister of Economy of Argentina,minister_cabinet,LatAm executive,ARG,La Libertad Avanza,social_media_post,RIGI approval of Vicuña copper project,copper;silver,260300;261610;710691;740200;740311,foreign_investment;labor_social_conflict,none,not_mentioned,not_mentioned,Vicuña; BHP; Lundin Mining; Josemaría; Filo del Sol,"Caputo announced on X that the RIGI committee approved BHP-Lundin's Vicuña copper project in San Juan, with an initial US$9.7bn commitment, projecting over US$2.6bn in annual exports and over 30,000 jobs.",,,es,EconoJournal,https://econojournal.com.ar/mineria/el-gobierno-aprueba-el-ingreso-de-vicuna-al-rigi-el-megaproyecto-de-cobre-que-promete-una-inversion-inicial-de-us9-700-millones/,news_media,secondary_reported,Largest mining investment in Argentine history per media.,ARG
PS-0357,2026-06-16,2026,PER,Waldir Ayasta Mechán,Minister of Energy and Mines of Peru,minister_cabinet,LatAm executive,PER,,speech,"Inauguration of XVI CONAMIN, Trujillo",copper;mining_general,260300;740200;740311,foreign_investment,none,not_mentioned,not_mentioned,Cartera de Proyectos de Inversión Minera 2026,"Ayasta called mining a strategic activity driving investment, reporting copper output above 918,000 t and a 2026 portfolio of 66 projects worth over US$64 billion.",,,es,Minería & Energía,https://mineriaenergia.com/inauguracion-de-conamin-la-mineria-es-una-actividad-estrategica-que-impulsa-la-inversion/,news_media,secondary_reported,Minister under President Balcázar,PER
PS-0358,2026-06-25,2026,ECU,Guillermo Flores,Vice Minister of Mines of Ecuador,other_executive,LatAm executive,ECU,Noboa government,interview,Energy demand of new mines; Mirador phase II addendum,copper,260300;740200;740311,infrastructure_ports;foreign_investment;energy_transition,CHN,neutral,not_mentioned,Mirador; Ecuacorriente; Cascabel,"The vice minister said an addendum enabling Mirador phase II should be signed that year and that new copper and gold mines, needing about 551 MW, would have to secure their own generation.",Este mismo año ya deberíamos tener la adenda para que Mirador fase II pueda empezar.,This very year we should have the addendum so that Mirador phase II can begin.,es,Primicias,https://www.primicias.ec/economia/viceministro-minas-ecuacorriente-mirador-construccion-hidroelectrica-mina-cobre-acuerdo-contrato126746-126746/,news_media,secondary_reported,"Interview 2026-06-25, published 2026-07-02; Flores left office 2026-07-01.",COL_ECU_PAN
PS-0359,2026-07,2026,MEX,LitioMx,State lithium company (Litio para México),state_company,LatAm state company,MEX,,decree_or_regulation,2026-2030 LitioMx institutional program published in Diario Oficial,lithium,253090;282520;283691,state_control_nationalization;value_added_industrialization;sovereignty,none,not_mentioned,not_mentioned,LitioMx,"The 2026-2030 institutional program of LitioMx, published in the official gazette, reaffirms that no concessions or permits will be granted for lithium, that LitioMx controls the value chain, and plans a small industrial battery-pack plant designed by 2029.","El litio es patrimonio de la Nación y su exploración, explotación, beneficio y aprovechamiento se reserva en favor del pueblo de México","Lithium is the patrimony of the Nation and its exploration, exploitation, processing and use are reserved for the people of Mexico",es,El CEO,https://elceo.com/negocios/reviven-a-litiomx-gobierno-refrenda-que-no-habra-concesiones-para-explotacion-del-oro-blanco/,news_media,secondary_reported,Reported 27 July 2026; exact DOF publication date not seen.,MEX
PS-0360,2026-07-03,2026,BRA,Alexandre Silveira,Minister of Mines and Energy of Brazil,minister_cabinet,LatAm executive,BRA,PSD,press_conference,"Signing of MME-Federal Police cooperation agreement, Belo Horizonte",rare_earths;critical_minerals_general,284690,geopolitics_security;value_added_industrialization;foreign_investment,CHN;USA,neutral,positive,,"Silveira described critical minerals as the object of a huge China-US trade war in which China dominates the rare-earth chain and the US is catching up, and said Brazil should bring the production chain home so the US can produce more cheaply on Brazilian soil.","Os Estados Unidos, se quiserem produzir com custos melhores, vão produzir em solo brasileiro.","The United States, if it wants to produce at better costs, will produce on Brazilian soil.",pt,SBT News,https://sbtnews.sbt.com.br/noticia/economia/silveira-defende-investimento-dos-eua-em-minerais-criticos,news_media,secondary_reported,Also reported by Poder360 (3 Jul 2026) with slightly different wording,BRA
PS-0361,2026-07-07,2026,PER,José María Balcázar,President of Peru (interim),head_of_state,LatAm executive,PER,,speech,Opening of 1st International Uranium and Lithium Forum,lithium,253090;282520;283691,value_added_industrialization;foreign_investment,none,not_mentioned,not_mentioned,"Macusani (Carabaya, Puno)","Balcázar said lithium could become a key driver of Peru's development including battery manufacturing, and called for companies contributing to an inclusive economy rather than purely extractive models, via public-private partnerships.","Lithium can become one of the country's key driving forces, given its growing role in national life, industry, and large-scale battery manufacturing.","Lithium can become one of the country's key driving forces, given its growing role in national life, industry, and large-scale battery manufacturing.",en,Andina,https://andina.pe/ingles/noticia-peru-president-balcazar-highlights-uranium-and-lithium-benefits-for-national-development-1082594.aspx,primary_official,primary_verified,Official English translation by state agency,PER
PS-0362,2026-07-13,2026,CHL,Bernardo Fontaine,Chairman of Codelco,state_company,LatAm state company,CHL,,official_statement,Appointment of Jorge Gómez as Codelco CEO,copper,260300;740200;740311,corruption_governance,none,not_mentioned,not_mentioned,Codelco; Collahuasi,"Announcing the new CEO, Fontaine acknowledged weak results and production below estimates for seven years, confirming a strategic shift toward margins over expansion.","Nuestros resultados han sido débiles, y la producción ha caído por debajo de las estimaciones durante los últimos siete años","Our results have been weak, and production has fallen below estimates for the last seven years",es,Reporte Minero,https://www.reporteminero.cl/noticia/noticias/2026/07/codelco-rentabilidad-produccion-bernardo-fontaine-jorge-gomez,news_media,secondary_reported,,CHL
PS-0363,2026-07-14,2026,REG,Michael Kozak,"Senior Bureau Official, Bureau of Western Hemisphere Affairs, U.S. Department of State",us_central_gov,United States,USA,Trump administration,legislative_debate,SFRC Western Hemisphere subcommittee hearing 'The National Security Strategy and the Western Hemisphere',critical_minerals_general,,foreign_investment;infrastructure_ports;geopolitics_security;diplomatic_relations,CHN;PAN,negative,positive,,Kozak told senators the US had signed seven cooperative critical-minerals MOUs in the hemisphere to speed resource development and was pushing US and allied firms into critical infrastructure to push out competitors; he also accused China of economic retaliation against Panama.,"On critical minerals, we have signed seven cooperative MOUs that will speed up resource development.","On critical minerals, we have signed seven cooperative MOUs that will speed up resource development.",en,U.S. Senate Foreign Relations Committee (written testimony),https://www.foreign.senate.gov/download/071426_kozak_testimonypdf,legislative_record,primary_verified,Countries of the seven MOUs not named in testimony.,USA_gov
PS-0364,2026-07-24,2026,ECU,Office of the US Trade Representative,US Trade Representative,us_central_gov,United States,USA,,decree_or_regulation,New 10% tariff on Ecuador with exemptions,copper;nickel;zinc;silver;manganese;iron_ore;critical_minerals_general,260200;260300;260400;260800;261610;710691;720260;740200;740311,tariffs_trade_policy;trade_deals_offtake,ECU,not_mentioned,positive,,"The USTR imposed a 10% surcharge on Ecuadorian goods but exempted products including copper, nickel, zinc, silver, manganese and other minerals, in line with the March 2026 reciprocal trade agreement.",,,en,Primicias,https://www.primicias.ec/economia/aranceles-estados-unidos-ecuador-banano-cacao-flores-minerales-exentos-camaron-128777/,news_media,secondary_reported,stance_us is the US speaker toward itself; trivially positive.,COL_ECU_PAN
PS-0365,2026-07-28,2026,COL,Edwin Palma,Minister of Mines and Energy of Colombia,minister_cabinet,LatAm executive,COL,Petro government,bill_or_law,Filing of new mining law bill in Congress,critical_minerals_general;mining_general,,state_control_nationalization;sovereignty;energy_transition;value_added_industrialization;environment_water;indigenous_community_rights,none,not_mentioned,not_mentioned,,"The Petro government filed a bill to replace the mining framework, strengthening state control of the subsoil and strategic-minerals planning, adding water protections and a formalization regime for small-scale and ethnic miners; Palma urged Congress to pass it.","Hacemos un llamado de urgencia para que este proyecto avance en el Congreso, es fundamental para la planeación minera y ambiental",We urgently call for this bill to advance in Congress; it is fundamental for mining and environmental planning,es,Ministerio de Minas y Energía de Colombia,https://www.minenergia.gov.co/es/sala-de-prensa/noticias-index/gobierno-nacional-radica-proyecto-de-ley-minera-para-modernizar-el-sector/,primary_official,primary_verified,Filed ~10 days before end of Petro's term (7 Aug 2026).,COL_ECU_PAN
PS-0366,2026-07-28,2026,PER,Keiko Fujimori,President of Peru,head_of_state,LatAm executive,PER,Fuerza Popular,speech,Inaugural address to Congress,mining_general,,geopolitics_security;corruption_governance,none,not_mentioned,not_mentioned,,"In her inaugural speech Fujimori pledged to go after national and international mafias financing extortion, contract killing, drug trafficking and illegal mining, with the armed forces temporarily leading security operations.","Iremos tras las mafias nacionales e internacionales que financian la extorsión, el sicariato, el narcotráfico y la minería ilegal","We will go after the national and international mafias that finance extortion, contract killings, drug trafficking and illegal mining",es,Los Andes (Argentina),https://www.losandes.com.ar/mundo/asumio-keiko-fujimori-como-presidenta-peru-iremos-las-mafias-del-narcotrafico-y-la-mineria-ilegal-n6000200,news_media,secondary_reported,,PER
PS-0367,2026-08,2026,PER,Luis Galarreta,President of the Council of Ministers of Peru,minister_cabinet,LatAm executive,PER,Fuerza Popular,legislative_debate,Cabinet investiture presentation to Congress,mining_general,,foreign_investment;trade_deals_offtake,CHN,not_mentioned,not_mentioned,,Galarreta told Congress the government aims to unlock more than US$33 billion in mining investment over five years and to activate Peru's dormant free-trade pact with Hong Kong before year-end.,,,en,Latin Times,https://www.latintimes.com/inside-keiko-fujimoris-first-month-mining-billions-emergency-powers-fuel-revolt-598899,news_media,secondary_reported,Exact date not given; figure reported in paraphrase,PER
PS-0368,2026-08-13,2026,ECU,Galo Andrés García Medina,Vice Minister of Mines of Ecuador,other_executive,LatAm executive,ECU,Noboa government,decree_or_regulation,Acuerdo MAE-VM-2026-0001-AM on prior controls of mineral exports to China,copper;mining_general,260300;740200;740311,royalties_taxation;trade_deals_offtake;corruption_governance,CHN,mixed,not_mentioned,,"Ecuador imposed prior controls to determine grade and purity on all sales and exports of processed mineral material bound for China, which took 95% of copper concentrate exports in H1 2026, to protect state revenues.",proteger los ingresos que corresponden al Estado,protect the revenues that belong to the State,es,Primicias,https://www.primicias.ec/economia/ecuador-controles-previos-exportaciones-minerales-china-oro-cobre-130355/,news_media,secondary_reported,Ministerial agreement signed 2026-08-13; reported 2026-08-14.,COL_ECU_PAN
PS-0369,2026-08-18,2026,BRA,Aloizio Mercadante,President of BNDES,other_executive,LatAm executive,BRA,PT,speech,"Conference 'Destravando o Potencial da Mineração no Brasil', Brasília",rare_earths;iron_ore;mining_general,284690,state_control_nationalization;financing_credit,none,not_mentioned,not_mentioned,Petrobras; BNDES,"BNDES president Mercadante said it was time to bring Petrobras into mining, particularly rare earths, called for more creative public-private partnerships, and pressed for a new cave-classification decree to unblock mining projects.",está na hora de trazer a Petrobras à discussão sobre terras raras,it is time to bring Petrobras into the discussion on rare earths,pt,eixos (Estadão Conteúdo),https://eixos.com.br/mineracao/mercadante-diz-que-esta-na-hora-de-trazer-a-petrobras-a-discussao-sobre-terras-raras/,news_media,secondary_reported,Quote may be headline paraphrase,BRA
PS-0370,2026-08-18,2026,ECU,ENAMI EP,Empresa Nacional Minera of Ecuador,state_company,LatAm state company,ECU,,official_statement,Call for studies for mineral processing plant and metals refinery,copper;mining_general,260300;740200;740311,processing_refining;value_added_industrialization,none,not_mentioned,not_mentioned,ENAMI,State miner ENAMI opened a call for national and international firms to prepare technical studies for a mineral processing plant and a metals refinery.,Se considerará la experiencia tanto en procesamiento de minerales como en refinación de metales,Experience in both mineral processing and metal refining will be considered,es,Primicias,https://www.primicias.ec/economia/enami-empresa-minera-convocatoria-estudio-planta-procesamiento-minerales-130577/,news_media,secondary_reported,,COL_ECU_PAN
PS-0371,2026-08-27,2026,CHL,José Antonio Kast,President of Chile,head_of_state,LatAm executive,CHL,Partido Republicano,interview,Remarks on Codelco's situation,copper,260300;740200;740311,corruption_governance;state_control_nationalization,none,not_mentioned,not_mentioned,Codelco,"Kast said Codelco is important but needs to put its house in order, adding that its problems were a long-running responsibility not attributable to one or two governments.","Codelco sí es una empresa importante, pero hay que ordenar la casa","Codelco is indeed an important company, but the house must be put in order",es,Energiminas,https://energiminas.com/2026/08/27/presidente-chileno-sobre-codelco-hay-que-ordenar-la-casa/,news_media,secondary_reported,,CHL
PS-0372,2026-09,2026,CHL,Álvaro González Gorroño,Undersecretary of Mining,other_executive,LatAm executive,CHL,Independent (Kast government),legislative_debate,"Government plans for rare earths in Biobío, Ñuble and Maule",rare_earths,284690,value_added_industrialization;processing_refining;foreign_investment,none,not_mentioned,not_mentioned,Aclara; CAP; Penco Module,"The undersecretary described rare earths as a regional development opportunity, citing Biobío's ports, industry and universities, as the government seeks to move from extraction to separation and processing.",una oportunidad de desarrollo regional,a regional development opportunity,es,El Desconcierto,https://eldesconcierto.cl/actualidad/gobierno-impulsa-proyectos-tierras-raras-biobio-nuble-y-maule-mientras-crecen-las-concesiones-n5462197,news_media,secondary_reported,Article 11 Sep 2026; biminister Mas presented plans to Chamber on 9 Sep; exact date of González remark unclear,CHL
PS-0373,2026-09,2026,COL,Zhu Jingyang,Chinese Ambassador to Colombia,china_embassy,China,CHN,CCP,speech,Remarks to Colombian exporters around Rubio's minerals visit,critical_minerals_general,,diplomatic_relations;geopolitics_security,COL;USA,positive,neutral,,The Chinese ambassador told Colombian exporters that bilateral cooperation depends on Colombia's China policy and on it handling relations with the US and China in a balanced way.,"Everything depends on Colombian policy towards China, on how we manage to maintain this pragmatic spirit of continuing to work together","Everything depends on Colombian policy towards China, on how we manage to maintain this pragmatic spirit of continuing to work together",en,The Star (Reuters),https://www.thestar.com.my/aseanplus/aseanplus-news/2026/09/12/us-secretary-of-state-rubio-arrives-in-colombia-to-clarify-china-ties-sign-minerals-deal,news_media,secondary_reported,Quote is English translation as published; not explicitly about minerals but made in context of US minerals deal. Exact date unknown.,COL_ECU_PAN
PS-0374,2026-09-02,2026,BRA,Eduardo Braga,"Senator (MDB-AM), rapporteur of PL 2780/2024",legislator,LatAm legislature,BRA,MDB,legislative_debate,Senate floor vote on critical minerals policy,critical_minerals_general;rare_earths,284690,value_added_industrialization;technology_transfer,none,not_mentioned,not_mentioned,PL 2780/2024,"As rapporteur, Braga recommended approval of the critical minerals bill, arguing the Senate was dealing with perhaps the most strategic issue for advancing industry 4.0 and 5.0.",,,pt,Mais Goiás,https://www.maisgoias.com.br/politica/senado-aprova-projeto-de-lei-que-regulamenta-exploracao-de-terras-raras-no-brasil/,news_media,secondary_reported,Quote seen only in translation; left empty,BRA
PS-0375,2026-09-02,2026,BRA,Hugo Motta,President of the Chamber of Deputies,legislator,LatAm legislature,BRA,Republicanos,official_statement,Celebration of final congressional approval of critical minerals policy,rare_earths;critical_minerals_general,284690,sovereignty;value_added_industrialization,none,not_mentioned,not_mentioned,PL 2780/2024,"Motta called the Senate's approval of the critical minerals policy a victory for Brazil and its sovereignty, noting Brazil holds the world's second-largest rare earth reserves and should encourage national industry.",,,pt,Congresso em Foco,https://congressoemfoco.com.br/noticia/121917/lula-e-hugo-motta-comemoram-aprovacao-da-politica-de-minerais-criticos,news_media,secondary_reported,Quote seen only in translation,BRA
PS-0376,2026-09-02,2026,BRA,Luiz Inácio Lula da Silva,President of Brazil,head_of_state,LatAm executive,BRA,PT,official_statement,Celebration of congressional approval of critical minerals policy,critical_minerals_general,,sovereignty;energy_transition;value_added_industrialization,none,not_mentioned,not_mentioned,PL 2780/2024,"Lula celebrated Congress's approval of the critical minerals policy, citing rising international demand for raw materials used in phones, EV batteries and turbines, and framing it as governance and incentives for extracting, refining and industrialising minerals.",,,pt,Congresso em Foco,https://congressoemfoco.com.br/noticia/121917/lula-e-hugo-motta-comemoram-aprovacao-da-politica-de-minerais-criticos,news_media,secondary_reported,Distinct from 16 Sep 2026 sanction speech,BRA
PS-0377,2026-09-02,2026,BRA,Senado Federal,Federal Senate of Brazil,legislature_body,LatAm legislature,BRA,,bill_or_law,Senate floor vote on PL 2780/2024 under urgency,critical_minerals_general;rare_earths,284690,value_added_industrialization;financing_credit;royalties_taxation;state_control_nationalization,none,not_mentioned,not_mentioned,PL 2780/2024,"The Senate approved by symbolic vote, under urgency, the Chamber's text of the National Policy for Critical and Strategic Minerals, including a presidential-level industrialisation council, a guarantee fund with up to R$2 billion federal participation, tax credits for domestic processing (2030-2034) and traceability rules, sending it to presidential sanction.",,,pt,Congresso em Foco,https://www.congressoemfoco.com.br/noticia/121911/senado-aprova-politica-de-minerais-criticos-texto-vai-a-sancao,news_media,secondary_reported,Rapporteur Eduardo Braga (MDB-AM),BRA
PS-0378,2026-09-08,2026,COL,Abelardo de la Espriella,President of Colombia,head_of_state,LatAm executive,COL,Defensores de la Patria,speech,Barranquilla accords with US Secretary of State Rubio,critical_minerals_general,,foreign_investment;diplomatic_relations;geopolitics_security,USA,not_mentioned,positive,,"De la Espriella said the agreements signed with Rubio, including the critical minerals MOU, must now become projects, investment, jobs and concrete results, and said Colombia wants to be the US's main hemispheric security partner.","deben convertirse ahora en proyectos, en inversión, en empleos, cooperación, seguridad y resultados concretos","they must now become projects, investment, jobs, cooperation, security and concrete results",es,Cambio Colombia,https://cambiocolombia.com/pais/articulo/2026/9/acuerdos-de-barranquilla-colombia-y-estados-unidos-firman-pactos-sobre-minerales-criticos-y-energia-nuclear,news_media,secondary_reported,Party label is the movement he ran under; verify.,COL_ECU_PAN
PS-0379,2026-09-08,2026,COL,Governments of Colombia and the United States (Omar Bula; Marco Rubio),Colombian Foreign Minister; US Secretary of State,other,"Other (business, civil society, third countries)",COL,,joint_declaration_or_mou,Barranquilla accords / bilateral dialogue,critical_minerals_general;rare_earths;lithium;cobalt;nickel,253090;260400;282520;283691;284690;720260,geopolitics_security;processing_refining;trade_deals_offtake;diplomatic_relations,USA;CHN,not_mentioned,positive,,"Colombia and the US signed a non-binding cooperation framework on securing supply chains in the mining and processing of critical minerals and rare earths, alongside a civil nuclear MOU, framed in media as reducing dependence on China.",,,es,Cambio Colombia,https://cambiocolombia.com/pais/articulo/2026/9/acuerdos-de-barranquilla-colombia-y-estados-unidos-firman-pactos-sobre-minerales-criticos-y-energia-nuclear,news_media,secondary_reported,Bilateral instrument; speaker_country set to COL. Title: Marco de Cooperación para el aseguramiento de las cadenas de suministro en la minería y el procesamiento de minerales críticos y tierras raras.,COL_ECU_PAN
PS-0380,2026-09-08,2026,COL,Marco Rubio,US Secretary of State,us_central_gov,United States,USA,Republican,press_conference,"Visit to Barranquilla, signing of critical minerals MOU",critical_minerals_general;rare_earths,284690,geopolitics_security;diplomatic_relations;trade_deals_offtake,COL;CHN,negative,positive,,"Rubio described a new, unprecedented stage of collaboration with Colombia, criticised the 'bad decisions' of the Petro government, and framed the minerals accord as part of a regional trend of alignment with US interests amid competition with China.",It's part of a trend that you're seeing in the Western Hemisphere of alignment with US and US interests.,It's part of a trend that you're seeing in the Western Hemisphere of alignment with US and US interests.,en,The Star (Reuters),https://www.thestar.com.my/aseanplus/aseanplus-news/2026/09/12/us-secretary-of-state-rubio-arrives-in-colombia-to-clarify-china-ties-sign-minerals-deal,news_media,secondary_reported,English quote said around arrival; China stance inferred from framing (Emol/EFE 2026-09-09 reports 'nueva etapa de colaboración'). Exact date of quote may be 2026-09-07/08.,COL_ECU_PAN
PS-0381,2026-09-08,2026,COL,María Nohemi Arboleda,Minister of Mines and Energy of Colombia,minister_cabinet,LatAm executive,COL,De la Espriella government,official_statement,Signing of Colombia-US strategic minerals and nuclear cooperation MOUs,critical_minerals_general,,value_added_industrialization;processing_refining;diplomatic_relations,USA,not_mentioned,positive,,"The minister said cooperation with the US on strategic minerals should help Colombia move beyond raw-material exports toward industry, formal jobs and regional development.","Colombia no puede limitarse a exportar materias primas: tenemos que convertir nuestro potencial minero y energético en industria, empleo formal, innovación y desarrollo para las regiones.","Colombia cannot limit itself to exporting raw materials: we must turn our mining and energy potential into industry, formal employment, innovation and regional development.",es,Ministerio de Minas y Energía de Colombia,https://www.minenergia.gov.co/es/sala-de-prensa/noticias-index/colombia-profundiza-cooperacion-con-estados-unidos-en-minerales-estrategicos-y-energia-nuclear-para-fortalecer-su-seguridad-energetica/,primary_official,primary_verified,,COL_ECU_PAN
PS-0382,2026-09-08,2026,PER,Marco Rubio,U.S. Secretary of State,us_central_gov,United States,USA,Republican,official_statement,Announcement of Lima visit; Peru joins 'Shield of the Americas',critical_minerals_general;mining_general,,geopolitics_security;financing_credit;sovereignty;foreign_investment,CHN;PER;COL;ECU,negative,positive,DFC,"Ahead of visiting Lima, Rubio said the US was welcoming Peru into the 'Shield of the Americas', cited DFC financing for Peru's mining sector after the February critical minerals MoU, and contrasted US market investment with CCP-backed projects.",Estamos sincronizando esfuerzos para proteger a nuestro hemisferio de las amenazas transnacionales,We are synchronizing efforts to protect our hemisphere from transnational threats,es,Minería & Energía,https://mineriaenergia.com/?p=66730,news_media,secondary_reported,Channel may be an op-ed; Spanish quote is translation of English original,PER
PS-0383,2026-09-08,2026,PER,Marco Rubio,U.S. Secretary of State,us_central_gov,United States,USA,Republican,op_ed,Op-ed in El Comercio ahead of visit to Lima,mining_general,,geopolitics_security;infrastructure_ports;corruption_governance,CHN;PER,negative,positive,Chancay port; COSCO Shipping,"Rubio's op-ed criticized Chinese Communist Party-backed projects in Peru, alluding to Chancay, as sidestepping Peruvian regulations and threatening transparency and data security; China's embassy rebutted.",Los proyectos respaldados por el Partido Comunista Chino pasan por alto los marcos legales de Perú y amenazan la transparencia y la seguridad de los datos,Projects backed by the Chinese Communist Party bypass Peru's legal frameworks and threaten transparency and data security,es,"El Universal (Colombia), citing El Comercio",https://www.eluniversal.com.co/mundo/2026/09/10/marco-rubio-cierra-su-gira-por-suramerica-con-encuentro-clave-con-keiko-fujimori/,news_media,secondary_reported,Minerals not explicit; included for China-infrastructure context of Chancay (mineral export port). Also covered by Latin Times https://www.latintimes.com/china-rubio-hands-off-chancay-peru-joins-trumps-security-shield-anyway-599177 ; publication date reported as 8 or 9 Sep 2026,USA_gov
PS-0384,2026-09-09,2026,COL,Marco Rubio,U.S. Secretary of State,us_central_gov,United States,USA,Republican,joint_declaration_or_mou,Rubio visit to Barranquilla; Barranquilla Agreements with President Abelardo de la Espriella,critical_minerals_general;rare_earths;nickel;copper,260300;260400;284690;720260;740200;740311,trade_deals_offtake;financing_credit;processing_refining;geopolitics_security,COL;CHN,negative,positive,Barranquilla Agreements,"Rubio and FM Omar Bula signed a critical minerals framework to identify and finance mining and processing projects within six months with US guarantees, loans, equity and insurance, plus price floors and security reviews of mineral asset sales; the trip also sought to clarify Colombia's China ties.",It's part of a trend that you're seeing in the Western Hemisphere of alignment with US and US interests.,It's part of a trend that you're seeing in the Western Hemisphere of alignment with US and US interests.,en,AS/COA; The Star (Reuters); NewKerala,https://www.as-coa.org/articles/trump-latin-america-rubio-courts-allies-colombia-ecuador-and-peru,news_media,secondary_reported,Quote from The Star/Reuters https://www.thestar.com.my/aseanplus/aseanplus-news/2026/09/12/us-secretary-of-state-rubio-arrives-in-colombia-to-clarify-china-ties-sign-minerals-deal ; signing reported 8-9 Sep 2026,USA_gov
PS-0385,2026-09-09,2026,ECU,Marco Rubio,U.S. Secretary of State,us_central_gov,United States,USA,Republican,press_conference,"Rubio visit to Quito, meeting with President Daniel Noboa",mining_general,,geopolitics_security;corruption_governance,ECU,not_mentioned,positive,Los Tiguerones,"During his Quito visit, Rubio announced security assistance including US$10 million to combat illegal mining in Ecuador.",USD 10 millones a combatir la minería ilícita,USD 10 million to combat illegal mining,es,Primicias,https://www.primicias.ec/politica/visita-marco-rubio-ecuador-2026-reunion-daniel-noboa-quito-132180/,news_media,secondary_reported,"Quote is outlet's phrasing, not necessarily Rubio's words",USA_gov
PS-0386,2026-09-09,2026,PER,Carlos Espá,Minister of Foreign Affairs of Peru,minister_cabinet,LatAm executive,PER,,speech,Ahead of Rubio visit; promotion of Peru as critical minerals partner,critical_minerals_general;copper;molybdenum;silver;zinc;iron_ore;graphite,250490;260300;260800;261310;261390;261610;710691;740200;740311,value_added_industrialization;foreign_investment;energy_transition;trade_deals_offtake,USA;CAN,not_mentioned,positive,,"Espá said Peru wants to be a strategic and reliable partner in value chains rather than only a mineral supplier, citing eight strategic minerals and the 2026 critical minerals MoUs with the US and Canada.","El Perú no quiere ser únicamente un proveedor de minerales, quiere consolidarse como un socio estratégico y confiable para el desarrollo de cadenas de valor",Peru does not want to be only a supplier of minerals; it wants to consolidate itself as a strategic and reliable partner for developing value chains,es,Gestión,https://gestion.pe/peru/canciller-carlos-espa-peru-busca-posicionarse-como-socio-estrategico-en-minerales-criticos-y-atraer-inversion-de-eeuu-noticia/,news_media,secondary_reported,Also reported by Andina English,PER
PS-0387,2026-09-09,2026,PER,Embassy of the People's Republic of China in Peru,Chinese Embassy in Peru,china_embassy,China,CHN,CCP,social_media_post,Ahead of Rubio visit to Lima,copper;mining_general,260300;740200;740311,sovereignty;foreign_investment;geopolitics_security;diplomatic_relations,USA;CHN,positive,negative,Puerto de Chancay,"In an X post before Rubio's visit, the embassy said the Western Hemisphere is no one's backyard, defended Latin America's right to choose partners, and cited over US$30 billion in Chinese investment stock in Peru.",,,es,"La República (Colombia), citing Reuters",https://www.larepublica.co/globoeconomia/la-embajada-de-china-defiende-comercio-bilateral-con-peru-previo-a-visita-de-marco-rubio-4477861,news_media,secondary_reported,"Reported phrase: the Western Hemisphere is not anyone's backyard; original Spanish wording of X post not seen, quote left empty",PER
PS-0388,2026-09-16,2026,BRA,Luiz Inácio Lula da Silva,President of Brazil,head_of_state,LatAm executive,BRA,PT,speech,"Signing of the law creating the National Policy for Critical and Strategic Minerals, Palácio do Planalto",critical_minerals_general;rare_earths;iron_ore,284690,sovereignty;value_added_industrialization;geopolitics_security,USA,not_mentioned,negative,,"At the signing ceremony of the critical minerals law, Lula said Brazil will never again be anyone's colony and accused domestic adversaries ('traitors to the homeland') of having promised to hand over raw critical minerals and rare earths to the US at 'banana prices'.","Prometeram entregar os minerais críticos e as terras raras, em estado bruto, a preço de banana, como aconteceu no passado com o nosso minério de ferro","They promised to hand over critical minerals and rare earths, in raw form, at banana prices, as happened in the past with our iron ore",pt,Itatiaia,https://www.itatiaia.com.br/politica/lula-defende-soberania-e-critica-adversarios-que-negociaram-terras-raras-a-preco-de-banana,news_media,secondary_reported,Election campaign period (Oct 2026 election); criticism aimed at opposition figures,BRA
PS-0389,2026-09-25,2026,PER,Guillermo Shinno,Minister of Energy and Mines of Peru,minister_cabinet,LatAm executive,PER,,interview,After Rubio visit; Chinese and US firms seeking copper projects,copper,260300;740200;740311,foreign_investment;environment_water;corruption_governance,USA;CHN,not_mentioned,positive,,"Shinno said interest from investors is enormous, that new projects could add a million tonnes of annual copper output in five to six years, that 27 permits could be eliminated without lowering environmental standards, and that he hoped more US companies would come.",We hope that more American companies will be encouraged to come.,We hope that more American companies will be encouraged to come.,en,Reuters via KFGO,https://kfgo.com/?p=1356419,news_media,secondary_reported,English translation of Spanish interview,PER
PS-0390,2026-09-30,2026,PAN,Felipe Chapman,Minister of Economy and Finance of Panama,minister_cabinet,LatAm executive,PAN,Mulino government,official_statement,Delivery of Interministerial Commission final report on Cobre Panamá site,copper,260300;740200;740311,royalties_taxation;financing_credit,none,not_mentioned,not_mentioned,Cobre Panamá,Chapman said any solution for the Cobre Panamá site must cost the state budget nothing.,Cero es lo que debe costar al Presupuesto General del Estado.,Zero is what it must cost the General State Budget.,es,Presidencia de la República de Panamá,https://www.presidencia.gob.pa/publicacion/la-comision-interministerial-entrego-al-presidente-de-la-republica-el-informe-final-sobre-el-sitio-minero-cobre-panama-y-el-documento-se-publico-el-mismo-dia,primary_official,primary_verified,,COL_ECU_PAN
PS-0391,2026-09-30,2026,PAN,José Raúl Mulino,President of Panama,head_of_state,LatAm executive,PAN,Realizando Metas,official_statement,Delivery of Interministerial Commission final report on Cobre Panamá site,copper,260300;740200;740311,sovereignty;environment_water;royalties_taxation;corruption_governance,none,not_mentioned,not_mentioned,Cobre Panamá,"Mulino received the commission's final report, set six non-negotiable criteria (respect for the Court ruling, state sovereignty over minerals, zero fiscal cost, transparency, community priority, international supervision) and said he would not rush a decision.",Esos seis no se negocian. Todo lo demás se estudia.,Those six are not negotiable. Everything else will be studied.,es,Presidencia de la República de Panamá,https://www.presidencia.gob.pa/publicacion/la-comision-interministerial-entrego-al-presidente-de-la-republica-el-informe-final-sobre-el-sitio-minero-cobre-panama-y-el-documento-se-publico-el-mismo-dia,primary_official,primary_verified,,COL_ECU_PAN
PS-0392,2026-09-30,2026,PAN,Juan Carlos Navarro,Minister of Environment of Panama,minister_cabinet,LatAm executive,PAN,Mulino government,official_statement,Delivery of Interministerial Commission final report on Cobre Panamá site,copper,260300;740200;740311,environment_water;corruption_governance,none,not_mentioned,not_mentioned,Cobre Panamá,Navarro said inaction at the mine site is not an option and that closure must be independently verified rather than declared by the company doing the closing.,Lo que está prohibido es NO HACER NADA.,What is forbidden is to DO NOTHING.,es,Presidencia de la República de Panamá,https://www.presidencia.gob.pa/publicacion/la-comision-interministerial-entrego-al-presidente-de-la-republica-el-informe-final-sobre-el-sitio-minero-cobre-panama-y-el-documento-se-publico-el-mismo-dia,primary_official,primary_verified,,COL_ECU_PAN
PS-0393,2026-09-30,2026,PAN,Julio Moltó,Minister of Commerce and Industries of Panama,minister_cabinet,LatAm executive,PAN,Mulino government,official_statement,Delivery of Interministerial Commission final report on Cobre Panamá site,copper,260300;740200;740311,labor_social_conflict;foreign_investment,none,not_mentioned,not_mentioned,Cobre Panamá,"Moltó argued that indefinite indecision on the mine is the costliest option and is paid by the most vulnerable citizens, citing lost foreign exchange and jobs.","la más costosa de todas, y la pagan los ciudadanos más vulnerables","the costliest of all, and it is paid by the most vulnerable citizens",es,Presidencia de la República de Panamá,https://www.presidencia.gob.pa/publicacion/la-comision-interministerial-entrego-al-presidente-de-la-republica-el-informe-final-sobre-el-sitio-minero-cobre-panama-y-el-documento-se-publico-el-mismo-dia,primary_official,primary_verified,,COL_ECU_PAN
PS-0394,2026-10-02,2026,BOL,Rodrigo Paz,President of Bolivia,head_of_state,LatAm executive,BOL,Partido Demócrata Cristiano (PDC),speech,Push to open mining to foreign investment vs. cooperatives,critical_minerals_general;silver;tin;zinc;antimony,260800;261610;261710;710691;800110,foreign_investment;labor_social_conflict,none,not_mentioned,not_mentioned,,"Paz asked why Bolivia should choose to be poor when it has everything needed to become highly developed, as his government courts foreign mining investment amid tensions with ~500,000 cooperative miners.",¿Por qué queremos ser pobres si tenemos todo lo necesario para convertirnos en un país altamente desarrollado?,Why do we want to be poor if we have everything necessary to become a highly developed country?,es,Gestión (Bloomberg),https://gestion.pe/mundo/internacional/medio-millon-de-mineros-amenazan-el-auge-de-los-minerales-criticos-en-bolivia-noticia/,news_media,secondary_reported,Date is article date; original date of Paz's remark unknown.,BOL
PS-0395,2026-10-02,2026,BOL,Óscar Chavarría,"Leader, mining cooperative federation (Potosí)",other,"Other (business, civil society, third countries)",BOL,Mining cooperatives,interview,Cooperatives vs. foreign mining investment,silver;tin;zinc;mining_general,260800;261610;710691;800110,labor_social_conflict;royalties_taxation,none,not_mentioned,not_mentioned,Cerro Rico,A Potosí cooperative leader said Potosí should be like Dubai but the wealth extracted there is taken away.,Potosí debería ser como Dubái,Potosí should be like Dubai,es,Gestión (Bloomberg),https://gestion.pe/mundo/internacional/medio-millon-de-mineros-amenazan-el-auge-de-los-minerales-criticos-en-bolivia-noticia/,news_media,secondary_reported,Article date.,BOL
